time,Pressure
2020-02-03 14:38:54.694894,660.4
2020-02-03 14:38:55.224657,659.4856
2020-02-03 14:38:55.754367,659.4856
2020-02-03 14:38:56.284073,658.4696
2020-02-03 14:38:56.813791,659.4856
2020-02-03 14:38:57.343490,659.4856
2020-02-03 14:38:57.873219,659.4856
2020-02-03 14:38:58.402854,659.4856
2020-02-03 14:38:58.932638,659.4856
2020-02-03 14:38:59.462377,659.4856
2020-02-03 14:38:59.992135,659.4856
2020-02-03 14:39:00.521732,659.4856
2020-02-03 14:39:01.051521,659.4856
2020-02-03 14:39:01.581244,659.4856
2020-02-03 14:39:02.110938,660.4
2020-02-03 14:39:02.650671,659.4856
2020-02-03 14:39:03.180386,660.4
2020-02-03 14:39:03.710840,659.4856
2020-02-03 14:39:04.240367,659.4856
2020-02-03 14:39:04.770111,659.4856
2020-02-03 14:39:05.299761,659.4856
2020-02-03 14:39:05.829692,659.4856
2020-02-03 14:39:06.359435,659.4856
2020-02-03 14:39:06.889139,659.4856
2020-02-03 14:39:07.418869,660.4
2020-02-03 14:39:07.948575,659.4856
2020-02-03 14:39:08.478307,659.4856
2020-02-03 14:39:09.008012,660.4
2020-02-03 14:39:09.537739,659.4856
2020-02-03 14:39:10.067229,659.4856
2020-02-03 14:39:10.597170,660.4
2020-02-03 14:39:11.126875,659.4856
2020-02-03 14:39:11.656551,659.4856
2020-02-03 14:39:12.186324,659.4856
2020-02-03 14:39:12.716037,659.4856
2020-02-03 14:39:13.245740,659.4856
2020-02-03 14:39:13.775432,659.4856
2020-02-03 14:39:14.305186,659.4856
2020-02-03 14:39:14.834665,659.4856
2020-02-03 14:39:15.364609,660.4
2020-02-03 14:39:15.894338,659.4856
2020-02-03 14:39:16.424041,659.4856
2020-02-03 14:39:16.953776,659.4856
2020-02-03 14:39:17.483478,659.4856
2020-02-03 14:39:18.013209,660.4
2020-02-03 14:39:18.542875,660.4
2020-02-03 14:39:19.072638,659.4856
2020-02-03 14:39:19.602131,660.4
2020-02-03 14:39:20.132071,660.4
2020-02-03 14:39:20.671686,659.4856
2020-02-03 14:39:21.201463,659.4856
2020-02-03 14:39:21.731217,659.4856
2020-02-03 14:39:22.260842,659.4856
2020-02-03 14:39:22.790650,659.4856
2020-02-03 14:39:23.320368,659.4856
2020-02-03 14:39:23.850069,659.4856
2020-02-03 14:39:24.379804,659.4856
2020-02-03 14:39:24.909523,660.4
2020-02-03 14:39:25.438991,660.4
2020-02-03 14:39:25.968917,660.4
2020-02-03 14:39:26.498661,659.4856
2020-02-03 14:39:27.028378,659.4856
2020-02-03 14:39:27.558086,660.4
2020-02-03 14:39:28.087807,659.4856
2020-02-03 14:39:28.617525,659.4856
2020-02-03 14:39:29.147237,660.4
2020-02-03 14:39:29.686961,659.4856
2020-02-03 14:39:30.216670,660.4
2020-02-03 14:39:30.746397,659.4856
2020-02-03 14:39:31.276114,659.4856
2020-02-03 14:39:31.805801,659.4856
2020-02-03 14:39:32.335537,660.4
2020-02-03 14:39:32.865157,659.4856
2020-02-03 14:39:33.394972,659.4856
2020-02-03 14:39:33.924687,658.4696
2020-02-03 14:39:34.454404,660.4
2020-02-03 14:39:34.984193,660.4
2020-02-03 14:39:35.513848,659.4856
2020-02-03 14:39:36.043585,659.4856
2020-02-03 14:39:36.573245,660.4
2020-02-03 14:39:37.102758,659.4856
2020-02-03 14:39:37.632621,659.4856
2020-02-03 14:39:38.162432,659.4856
2020-02-03 14:39:38.692138,659.4856
2020-02-03 14:39:39.221869,659.4856
2020-02-03 14:39:39.751588,660.4
2020-02-03 14:39:40.281299,659.4856
2020-02-03 14:39:40.810902,659.4856
2020-02-03 14:39:41.340688,659.4856
2020-02-03 14:39:41.870454,659.4856
2020-02-03 14:39:42.400047,660.4
2020-02-03 14:39:42.929871,659.4856
2020-02-03 14:39:43.459600,659.4856
2020-02-03 14:39:43.989289,660.4
2020-02-03 14:39:44.519034,660.4
2020-02-03 14:39:45.048734,659.4856
2020-02-03 14:39:45.578227,659.4856
2020-02-03 14:39:46.108145,659.4856
2020-02-03 14:39:46.647894,659.4856
2020-02-03 14:39:47.177616,659.4856
2020-02-03 14:39:47.707332,659.4856
2020-02-03 14:39:48.236971,659.4856
2020-02-03 14:39:48.766744,659.4856
2020-02-03 14:39:49.296384,659.4856
2020-02-03 14:39:49.826197,660.4
2020-02-03 14:39:50.355826,660.4
2020-02-03 14:39:50.885633,659.4856
2020-02-03 14:39:51.415336,659.4856
2020-02-03 14:39:51.945040,659.4856
2020-02-03 14:39:52.474780,659.4856
2020-02-03 14:39:53.004397,659.4856
2020-02-03 14:39:53.534196,659.4856
2020-02-03 14:39:54.063934,658.4696
2020-02-03 14:39:54.593647,659.4856
2020-02-03 14:39:55.123363,659.4856
2020-02-03 14:39:55.653085,660.4
2020-02-03 14:39:56.182786,659.4856
2020-02-03 14:39:56.712471,659.4856
2020-02-03 14:39:57.242215,659.4856
2020-02-03 14:39:57.771839,659.4856
2020-02-03 14:39:58.301652,659.4856
2020-02-03 14:39:58.831367,660.4
2020-02-03 14:39:59.361088,659.4856
2020-02-03 14:39:59.890804,659.4856
2020-02-03 14:40:00.420522,659.4856
2020-02-03 14:40:00.950242,659.4856
2020-02-03 14:40:01.489948,659.4856
2020-02-03 14:40:02.019657,659.4856
2020-02-03 14:40:02.549382,659.4856
2020-02-03 14:40:03.079094,659.4856
2020-02-03 14:40:03.608734,660.4
2020-02-03 14:40:04.138508,659.4856
2020-02-03 14:40:04.668258,659.4856
2020-02-03 14:40:05.197977,659.4856
2020-02-03 14:40:05.727694,659.4856
2020-02-03 14:40:06.257415,659.4856
2020-02-03 14:40:06.787127,659.4856
2020-02-03 14:40:07.316844,660.4
2020-02-03 14:40:07.846565,660.4
2020-02-03 14:40:08.376174,659.4856
2020-02-03 14:40:08.905969,659.4856
2020-02-03 14:40:09.435715,659.4856
2020-02-03 14:40:09.965428,659.4856
2020-02-03 14:40:10.495146,659.4856
2020-02-03 14:40:11.024865,659.4856
2020-02-03 14:40:11.564563,659.4856
2020-02-03 14:40:12.094228,659.4856
2020-02-03 14:40:12.624012,660.4
2020-02-03 14:40:13.153728,659.4856
2020-02-03 14:40:13.683450,659.4856
2020-02-03 14:40:14.213160,659.4856
2020-02-03 14:40:14.742865,659.4856
2020-02-03 14:40:15.272581,659.4856
2020-02-03 14:40:15.802232,659.4856
2020-02-03 14:40:16.332025,659.4856
2020-02-03 14:40:16.861731,659.4856
2020-02-03 14:40:17.391458,659.4856
2020-02-03 14:40:17.921179,659.4856
2020-02-03 14:40:18.450895,659.4856
2020-02-03 14:40:18.980638,659.4856
2020-02-03 14:40:19.510308,659.4856
2020-02-03 14:40:20.040228,659.4856
2020-02-03 14:40:20.570066,659.4856
2020-02-03 14:40:21.099830,659.4856
2020-02-03 14:40:21.629553,659.4856
2020-02-03 14:40:22.159263,659.4856
2020-02-03 14:40:22.708985,659.4856
2020-02-03 14:40:23.238451,659.4856
2020-02-03 14:40:23.798341,659.4856
2020-02-03 14:40:24.328105,659.4856
2020-02-03 14:40:24.857815,659.4856
2020-02-03 14:40:25.387535,659.4856
2020-02-03 14:40:25.917265,659.4856
2020-02-03 14:40:26.446971,660.4
2020-02-03 14:40:27.006693,660.4
2020-02-03 14:40:27.536288,659.4856
2020-02-03 14:40:28.066103,659.4856
2020-02-03 14:40:28.595822,659.4856
2020-02-03 14:40:29.125539,659.4856
2020-02-03 14:40:29.665258,659.4856
2020-02-03 14:40:30.194967,659.4856
2020-02-03 14:40:30.734502,659.4856
2020-02-03 14:40:31.264392,659.4856
2020-02-03 14:40:31.794114,659.4856
2020-02-03 14:40:32.323830,659.4856
2020-02-03 14:40:32.853470,659.4856
2020-02-03 14:40:33.383259,659.4856
2020-02-03 14:40:33.912976,659.4856
2020-02-03 14:40:34.442631,659.4856
2020-02-03 14:40:34.972346,659.4856
2020-02-03 14:40:35.502038,659.4856
2020-02-03 14:40:36.031878,659.4856
2020-02-03 14:40:36.561598,659.4856
2020-02-03 14:40:37.091814,660.4
2020-02-03 14:40:37.621525,659.4856
2020-02-03 14:40:38.151248,659.4856
2020-02-03 14:40:38.690960,660.4
2020-02-03 14:40:39.220472,660.4
2020-02-03 14:40:39.750393,659.4856
2020-02-03 14:40:40.280125,659.4856
2020-02-03 14:40:40.809837,659.4856
2020-02-03 14:40:41.339462,659.4856
2020-02-03 14:40:41.869227,659.4856
2020-02-03 14:40:42.398993,659.4856
2020-02-03 14:40:42.928693,659.4856
2020-02-03 14:40:43.458409,660.4
2020-02-03 14:40:43.988178,660.4
2020-02-03 14:40:44.517840,659.4856
2020-02-03 14:40:45.047569,659.4856
2020-02-03 14:40:45.577276,659.4856
2020-02-03 14:40:46.106890,660.4
2020-02-03 14:40:46.636679,659.4856
2020-02-03 14:40:47.166427,660.4
2020-02-03 14:40:47.696143,659.4856
2020-02-03 14:40:48.225808,660.4
2020-02-03 14:40:48.755542,659.4856
2020-02-03 14:40:49.285294,659.4856
2020-02-03 14:40:49.815006,660.4
2020-02-03 14:40:50.344741,659.4856
2020-02-03 14:40:50.874215,659.4856
2020-02-03 14:40:51.404139,659.4856
2020-02-03 14:40:51.933893,659.4856
2020-02-03 14:40:52.463608,659.4856
2020-02-03 14:40:52.993385,659.4856
2020-02-03 14:40:53.523029,660.4
2020-02-03 14:40:54.052746,659.4856
2020-02-03 14:40:54.592454,659.4856
2020-02-03 14:40:55.122174,659.4856
2020-02-03 14:40:55.661780,659.4856
2020-02-03 14:40:56.191536,659.4856
2020-02-03 14:40:56.721130,660.4
2020-02-03 14:40:57.251035,659.4856
2020-02-03 14:40:57.780747,659.4856
2020-02-03 14:40:58.310465,659.4856
2020-02-03 14:40:58.840182,659.4856
2020-02-03 14:40:59.369848,659.4856
2020-02-03 14:40:59.909628,659.4856
2020-02-03 14:41:00.439335,659.4856
2020-02-03 14:41:00.969056,660.4
2020-02-03 14:41:01.498765,659.4856
2020-02-03 14:41:02.038476,659.4856
2020-02-03 14:41:02.568188,659.4856
2020-02-03 14:41:03.097909,660.4
2020-02-03 14:41:03.637622,659.4856
2020-02-03 14:41:04.177327,659.4856
2020-02-03 14:41:04.707000,660.4
2020-02-03 14:41:05.236778,659.4856
2020-02-03 14:41:05.766284,659.4856
2020-02-03 14:41:06.296214,660.4
2020-02-03 14:41:06.835681,659.4856
2020-02-03 14:41:07.375632,659.4856
2020-02-03 14:41:07.915331,659.4856
2020-02-03 14:41:08.455063,659.4856
2020-02-03 14:41:08.984814,659.4856
2020-02-03 14:41:09.514278,659.4856
2020-02-03 14:41:10.053991,659.4856
2020-02-03 14:41:10.583903,659.4856
2020-02-03 14:41:11.113623,659.4856
2020-02-03 14:41:11.653335,659.4856
2020-02-03 14:41:12.192823,660.4
2020-02-03 14:41:12.732765,659.4856
2020-02-03 14:41:13.262489,659.4856
2020-02-03 14:41:13.792207,659.4856
2020-02-03 14:41:14.321923,660.4
2020-02-03 14:41:14.851524,659.4856
2020-02-03 14:41:15.391307,660.4
2020-02-03 14:41:15.921052,659.4856
2020-02-03 14:41:16.460764,659.4856
2020-02-03 14:41:16.990506,659.4856
2020-02-03 14:41:17.520195,659.4856
2020-02-03 14:41:18.059871,659.4856
2020-02-03 14:41:18.599620,659.4856
2020-02-03 14:41:19.139272,660.4
2020-02-03 14:41:19.669050,659.4856
2020-02-03 14:41:20.208535,659.4856
2020-02-03 14:41:20.748474,660.4
2020-02-03 14:41:21.278104,659.4856
2020-02-03 14:41:21.807880,659.4856
2020-02-03 14:41:22.337621,659.4856
2020-02-03 14:41:22.867244,659.4856
2020-02-03 14:41:23.397073,659.4856
2020-02-03 14:41:23.926791,660.4
2020-02-03 14:41:24.456506,659.4856
2020-02-03 14:41:24.986267,659.4856
2020-02-03 14:41:25.515923,661.416
2020-02-03 14:41:26.055632,660.4
2020-02-03 14:41:26.585353,659.4856
2020-02-03 14:41:27.115068,659.4856
2020-02-03 14:41:27.654553,659.4856
2020-02-03 14:41:28.184496,660.4
2020-02-03 14:41:28.724208,659.4856
2020-02-03 14:41:29.263916,660.4
2020-02-03 14:41:29.793638,659.4856
2020-02-03 14:41:30.333162,659.4856
2020-02-03 14:41:30.863080,659.4856
2020-02-03 14:41:31.392793,659.4856
2020-02-03 14:41:31.922439,659.4856
2020-02-03 14:41:32.462209,659.4856
2020-02-03 14:41:32.991838,659.4856
2020-02-03 14:41:33.521643,660.4
2020-02-03 14:41:34.061267,659.4856
2020-02-03 14:41:34.601065,659.4856
2020-02-03 14:41:35.130782,659.4856
2020-02-03 14:41:35.670265,659.4856
2020-02-03 14:41:36.200211,659.4856
2020-02-03 14:41:36.729734,659.4856
2020-02-03 14:41:37.259645,659.4856
2020-02-03 14:41:37.799356,659.4856
2020-02-03 14:41:38.329072,660.4
2020-02-03 14:41:38.858790,660.4
2020-02-03 14:41:39.398422,660.4
2020-02-03 14:41:39.938229,659.4856
2020-02-03 14:41:40.467947,659.4856
2020-02-03 14:41:40.997679,659.4856
2020-02-03 14:41:41.527374,659.4856
2020-02-03 14:41:42.057021,659.4856
2020-02-03 14:41:42.586808,659.4856
2020-02-03 14:41:43.126522,659.4856
2020-02-03 14:41:43.656233,659.4856
2020-02-03 14:41:44.185712,660.4
2020-02-03 14:41:44.725667,659.4856
2020-02-03 14:41:45.255386,660.4
2020-02-03 14:41:45.794898,659.4856
2020-02-03 14:41:46.334807,660.4
2020-02-03 14:41:46.864293,660.4
2020-02-03 14:41:47.404218,659.4856
2020-02-03 14:41:47.943943,659.4856
2020-02-03 14:41:48.473508,660.4
2020-02-03 14:41:49.013128,659.4856
2020-02-03 14:41:49.542849,659.4856
2020-02-03 14:41:50.072761,659.4856
2020-02-03 14:41:50.612506,659.4856
2020-02-03 14:41:51.152213,659.4856
2020-02-03 14:41:51.681954,659.4856
2020-02-03 14:41:52.221449,659.4856
2020-02-03 14:41:52.751306,659.4856
2020-02-03 14:41:53.291084,659.4856
2020-02-03 14:41:53.830766,660.4
2020-02-03 14:41:54.370492,659.4856
2020-02-03 14:41:54.900019,659.4856
2020-02-03 14:41:55.429868,659.4856
2020-02-03 14:41:55.959642,659.4856
2020-02-03 14:41:56.489363,660.4
2020-02-03 14:41:57.019070,658.4696
2020-02-03 14:41:57.548587,659.4856
2020-02-03 14:41:58.078510,660.4
2020-02-03 14:41:58.608168,659.4856
2020-02-03 14:41:59.137874,659.4856
2020-02-03 14:41:59.687652,659.4856
2020-02-03 14:42:00.217276,660.4
2020-02-03 14:42:00.747010,659.4856
2020-02-03 14:42:01.276800,659.4856
2020-02-03 14:42:01.806435,660.4
2020-02-03 14:42:02.336237,659.4856
2020-02-03 14:42:02.865752,659.4856
2020-02-03 14:42:03.395588,660.4
2020-02-03 14:42:03.925356,659.4856
2020-02-03 14:42:04.455103,659.4856
2020-02-03 14:42:04.984776,659.4856
2020-02-03 14:42:05.504542,660.4
2020-02-03 14:42:06.034206,659.4856
2020-02-03 14:42:06.563966,659.4856
2020-02-03 14:42:07.093488,659.4856
2020-02-03 14:42:07.633421,659.4856
2020-02-03 14:42:08.163035,659.4856
2020-02-03 14:42:08.702851,660.4
2020-02-03 14:42:09.232562,659.4856
2020-02-03 14:42:09.762266,659.4856
2020-02-03 14:42:10.291980,660.4
2020-02-03 14:42:10.821464,658.4696
2020-02-03 14:42:11.351393,660.4
2020-02-03 14:42:11.881128,659.4856
2020-02-03 14:42:12.410850,660.4
2020-02-03 14:42:12.940554,659.4856
2020-02-03 14:42:13.470079,659.4856
2020-02-03 14:42:13.989988,659.4856
2020-02-03 14:42:14.529490,659.4856
2020-02-03 14:42:15.059435,659.4856
2020-02-03 14:42:15.598933,660.4
2020-02-03 14:42:16.128862,659.4856
2020-02-03 14:42:16.668512,659.4856
2020-02-03 14:42:17.198292,659.4856
2020-02-03 14:42:17.738018,660.4
2020-02-03 14:42:18.267536,659.4856
2020-02-03 14:42:18.807449,659.4856
2020-02-03 14:42:19.336961,659.4856
2020-02-03 14:42:19.866861,659.4856
2020-02-03 14:42:20.396584,659.4856
2020-02-03 14:42:20.926228,659.4856
2020-02-03 14:42:21.456015,659.4856
2020-02-03 14:42:21.985768,659.4856
2020-02-03 14:42:22.515464,659.4856
2020-02-03 14:42:23.045167,659.4856
2020-02-03 14:42:23.574894,660.4
2020-02-03 14:42:24.104614,660.4
2020-02-03 14:42:24.634299,660.4
2020-02-03 14:42:25.164033,659.4856
2020-02-03 14:42:25.693670,659.4856
2020-02-03 14:42:26.223379,659.4856
2020-02-03 14:42:26.753181,660.4
2020-02-03 14:42:27.282899,659.4856
2020-02-03 14:42:27.812631,659.4856
2020-02-03 14:42:28.342329,659.4856
2020-02-03 14:42:28.871966,659.4856
2020-02-03 14:42:29.401744,660.4
2020-02-03 14:42:29.931482,659.4856
2020-02-03 14:42:30.460971,659.4856
2020-02-03 14:42:30.990979,659.4856
2020-02-03 14:42:31.510444,660.4
2020-02-03 14:42:32.040351,659.4856
2020-02-03 14:42:32.570090,660.4
2020-02-03 14:42:33.099802,659.4856
2020-02-03 14:42:33.629517,659.4856
2020-02-03 14:42:34.159785,660.4
2020-02-03 14:42:34.689463,659.4856
2020-02-03 14:42:35.219209,659.4856
2020-02-03 14:42:35.748836,659.4856
2020-02-03 14:42:36.278619,659.4856
2020-02-03 14:42:36.808360,659.4856
2020-02-03 14:42:37.338075,659.4856
2020-02-03 14:42:37.867811,659.4856
2020-02-03 14:42:38.397524,659.4856
2020-02-03 14:42:38.947226,659.4856
2020-02-03 14:42:39.476946,660.4
2020-02-03 14:42:40.006668,659.4856
2020-02-03 14:42:40.536136,659.4856
2020-02-03 14:42:41.066029,659.4856
2020-02-03 14:42:41.595798,659.4856
2020-02-03 14:42:42.125515,659.4856
2020-02-03 14:42:42.655248,659.4856
2020-02-03 14:42:43.184965,660.4
2020-02-03 14:42:43.714677,659.4856
2020-02-03 14:42:44.244323,659.4856
2020-02-03 14:42:44.774098,659.4856
2020-02-03 14:42:45.303712,659.4856
2020-02-03 14:42:45.833488,659.4856
2020-02-03 14:42:46.363251,659.4856
2020-02-03 14:42:46.892967,660.4
2020-02-03 14:42:47.422652,659.4856
2020-02-03 14:42:47.952350,660.4
2020-02-03 14:42:48.482122,659.4856
2020-02-03 14:42:49.011859,659.4856
2020-02-03 14:42:49.541553,659.4856
2020-02-03 14:42:50.071102,660.4
2020-02-03 14:42:50.600938,659.4856
2020-02-03 14:42:51.130695,659.4856
2020-02-03 14:42:51.660417,659.4856
2020-02-03 14:42:52.190091,659.4856
2020-02-03 14:42:52.719852,659.4856
2020-02-03 14:42:53.249566,659.4856
2020-02-03 14:42:53.779222,659.4856
2020-02-03 14:42:54.309006,659.4856
2020-02-03 14:42:54.838670,659.4856
2020-02-03 14:42:55.388328,660.4
2020-02-03 14:42:55.918157,659.4856
2020-02-03 14:42:56.447860,659.4856
2020-02-03 14:42:56.977551,660.4
2020-02-03 14:42:57.507293,659.4856
2020-02-03 14:42:58.036834,659.4856
2020-02-03 14:42:58.566626,659.4856
2020-02-03 14:42:59.096678,659.4856
2020-02-03 14:42:59.636682,659.4856
2020-02-03 14:43:00.166362,659.4856
2020-02-03 14:43:00.696099,659.4856
2020-02-03 14:43:01.225767,659.4856
2020-02-03 14:43:01.755532,660.4
2020-02-03 14:43:02.285019,659.4856
2020-02-03 14:43:02.824955,659.4856
2020-02-03 14:43:03.354575,660.4
2020-02-03 14:43:03.884185,660.4
2020-02-03 14:43:04.414106,660.4
2020-02-03 14:43:04.943847,659.4856
2020-02-03 14:43:05.476311,658.4696
2020-02-03 14:43:06.006138,659.4856
2020-02-03 14:43:06.525750,659.4856
2020-02-03 14:43:07.065560,659.4856
2020-02-03 14:43:07.595280,659.4856
2020-02-03 14:43:08.124998,660.4
2020-02-03 14:43:08.674703,659.4856
2020-02-03 14:43:09.214413,659.4856
2020-02-03 14:43:09.744142,659.4856
2020-02-03 14:43:10.273861,659.4856
2020-02-03 14:43:10.803578,659.4856
2020-02-03 14:43:11.333175,659.4856
2020-02-03 14:43:11.862800,659.4856
2020-02-03 14:43:12.392629,659.4856
2020-02-03 14:43:12.922432,659.4856
2020-02-03 14:43:13.452147,659.4856
2020-02-03 14:43:13.981636,659.4856
2020-02-03 14:43:14.511590,660.4
2020-02-03 14:43:15.051306,659.4856
2020-02-03 14:43:15.591005,659.4856
2020-02-03 14:43:16.120591,659.4856
2020-02-03 14:43:16.650372,659.4856
2020-02-03 14:43:17.180157,659.4856
2020-02-03 14:43:17.709871,660.4
2020-02-03 14:43:18.239590,659.4856
2020-02-03 14:43:18.769304,659.4856
2020-02-03 14:43:19.308974,659.4856
2020-02-03 14:43:19.838735,660.4
2020-02-03 14:43:20.368466,659.4856
2020-02-03 14:43:20.898165,659.4856
2020-02-03 14:43:21.427883,659.4856
2020-02-03 14:43:21.957600,660.4
2020-02-03 14:43:22.487267,659.4856
2020-02-03 14:43:23.017040,659.4856
2020-02-03 14:43:23.546583,659.4856
2020-02-03 14:43:24.086462,660.4
2020-02-03 14:43:24.616158,659.4856
2020-02-03 14:43:25.145860,660.4
2020-02-03 14:43:25.675607,659.4856
2020-02-03 14:43:26.205116,659.4856
2020-02-03 14:43:26.735049,660.4
2020-02-03 14:43:27.264764,660.4
2020-02-03 14:43:27.794481,659.4856
2020-02-03 14:43:28.334189,660.4
2020-02-03 14:43:28.863822,660.4
2020-02-03 14:43:29.393636,659.4856
2020-02-03 14:43:29.924615,660.4
2020-02-03 14:43:30.455060,660.4
2020-02-03 14:43:30.994779,660.4
2020-02-03 14:43:31.524370,659.4856
2020-02-03 14:43:32.054178,660.4
2020-02-03 14:43:32.583910,660.4
2020-02-03 14:43:33.113624,660.4
2020-02-03 14:43:33.653243,660.4
2020-02-03 14:43:34.193043,660.4
2020-02-03 14:43:34.722758,660.4
2020-02-03 14:43:35.262476,660.4
2020-02-03 14:43:35.792194,659.4856
2020-02-03 14:43:36.331804,659.4856
2020-02-03 14:43:36.861621,659.4856
2020-02-03 14:43:37.401319,659.4856
2020-02-03 14:43:37.941044,660.4
2020-02-03 14:43:43.248663,660.4
2020-02-03 14:43:48.555893,659.4856
2020-02-03 14:43:53.863066,660.4
2020-02-03 14:43:59.150215,660.4
2020-02-03 14:44:04.457327,659.4856
2020-02-03 14:44:09.755808,659.4856
2020-02-03 14:44:15.052879,659.4856
2020-02-03 14:44:20.350145,660.4
2020-02-03 14:44:25.667301,660.4
2020-02-03 14:44:30.964451,659.4856
2020-02-03 14:44:36.282402,660.4
2020-02-03 14:44:41.570918,659.4856
2020-02-03 14:44:46.868076,659.4856
2020-02-03 14:44:52.185248,659.4856
2020-02-03 14:44:57.482404,659.4856
2020-02-03 14:45:02.779932,659.4856
2020-02-03 14:45:08.077609,659.4856
2020-02-03 14:45:13.404843,659.4856
2020-02-03 14:45:18.712004,660.4
2020-02-03 14:45:24.009233,659.4856
2020-02-03 14:45:29.306344,660.4
2020-02-03 14:45:34.603484,660.4
2020-02-03 14:45:39.900691,659.4856
2020-02-03 14:45:45.197616,659.4856
2020-02-03 14:45:50.495012,660.4
2020-02-03 14:45:55.802668,660.4
2020-02-03 14:46:01.099897,659.4856
2020-02-03 14:46:06.397069,659.4856
2020-02-03 14:46:11.714221,659.4856
2020-02-03 14:46:17.011412,659.4856
2020-02-03 14:46:22.318551,659.4856
2020-02-03 14:46:27.625621,659.4856
2020-02-03 14:46:32.932874,660.4
2020-02-03 14:46:38.240384,659.4856
2020-02-03 14:46:43.537351,660.4
2020-02-03 14:46:48.844714,660.4
2020-02-03 14:46:54.151895,660.4
2020-02-03 14:46:59.469918,659.4856
2020-02-03 14:47:04.777097,660.4
2020-02-03 14:47:10.074273,659.4856
2020-02-03 14:47:15.371421,659.4856
2020-02-03 14:47:20.688481,659.4856
2020-02-03 14:47:25.985787,659.4856
2020-02-03 14:47:31.293841,659.4856
2020-02-03 14:47:36.601038,659.4856
2020-02-03 14:47:41.908204,659.4856
2020-02-03 14:47:47.205756,659.4856
2020-02-03 14:47:52.502940,659.4856
2020-02-03 14:47:57.810523,659.4856
2020-02-03 14:48:03.107720,660.4
2020-02-03 14:48:08.414860,660.4
2020-02-03 14:48:13.722048,660.4
2020-02-03 14:48:19.028995,659.4856
2020-02-03 14:48:24.356422,660.4
2020-02-03 14:48:29.653530,659.4856
2020-02-03 14:48:34.960747,659.4856
2020-02-03 14:48:40.267897,660.4
2020-02-03 14:48:45.565658,659.4856
2020-02-03 14:48:50.882800,659.4856
2020-02-03 14:48:56.190689,660.4
2020-02-03 14:49:01.488071,660.4
2020-02-03 14:49:06.785253,659.4856
2020-02-03 14:49:12.082423,659.4856
2020-02-03 14:49:17.399837,659.4856
2020-02-03 14:49:22.727075,659.4856
2020-02-03 14:49:28.024456,659.4856
2020-02-03 14:49:33.321609,660.4
2020-02-03 14:49:38.648784,660.4
2020-02-03 14:49:43.955903,659.4856
2020-02-03 14:49:49.284017,659.4856
2020-02-03 14:49:54.591189,660.4
2020-02-03 14:49:59.888299,659.4856
2020-02-03 14:50:05.175530,660.4
2020-02-03 14:50:10.472686,660.4
2020-02-03 14:50:15.749880,660.4
2020-02-03 14:50:21.036907,660.4
2020-02-03 14:50:26.315217,660.4
2020-02-03 14:50:31.592341,659.4856
2020-02-03 14:50:36.909522,660.4
2020-02-03 14:50:42.206733,660.4
2020-02-03 14:50:47.496150,659.4856
2020-02-03 14:50:52.803313,659.4856
2020-02-03 14:50:58.073961,660.4
2020-02-03 14:51:03.361481,659.4856
2020-02-03 14:51:08.658661,660.4
2020-02-03 14:51:13.955743,659.4856
2020-02-03 14:51:19.263504,660.4
2020-02-03 14:51:24.560661,660.4
2020-02-03 14:51:29.857828,659.4856
2020-02-03 14:51:35.154767,659.4856
2020-02-03 14:51:40.452177,659.4856
2020-02-03 14:51:45.739272,659.4856
2020-02-03 14:51:51.037177,660.4
2020-02-03 14:51:56.324198,659.4856
2020-02-03 14:52:01.611478,660.4
2020-02-03 14:52:06.899000,660.4
2020-02-03 14:52:12.186100,660.4
2020-02-03 14:52:17.483998,659.4856
2020-02-03 14:52:22.781151,660.4
2020-02-03 14:52:28.078338,659.4856
2020-02-03 14:52:33.375517,659.4856
2020-02-03 14:52:38.673720,660.4
2020-02-03 14:52:43.970873,659.4856
2020-02-03 14:52:49.278049,659.4856
2020-02-03 14:52:54.575206,659.4856
2020-02-03 14:52:59.874253,660.4
2020-02-03 14:53:05.191473,659.4856
2020-02-03 14:53:10.478662,659.4856
2020-02-03 14:53:15.785841,659.4856
2020-02-03 14:53:21.083002,659.4856
2020-02-03 14:53:26.420138,659.4856
2020-02-03 14:53:31.717301,660.4
2020-02-03 14:53:37.014240,659.4856
2020-02-03 14:53:42.321575,659.4856
2020-02-03 14:53:47.618821,659.4856
2020-02-03 14:53:52.915940,659.4856
2020-02-03 14:53:58.223135,659.4856
2020-02-03 14:54:03.510943,659.4856
2020-02-03 14:54:08.838094,659.4856
2020-02-03 14:54:14.145257,659.4856
2020-02-03 14:54:19.442436,660.4
2020-02-03 14:54:24.739490,660.4
2020-02-03 14:54:30.036715,660.4
2020-02-03 14:54:35.333929,660.4
2020-02-03 14:54:40.624613,659.4856
2020-02-03 14:54:45.911804,660.4
2020-02-03 14:54:51.230057,659.4856
2020-02-03 14:54:56.517211,660.4
2020-02-03 14:55:01.824325,659.4856
2020-02-03 14:55:07.111455,660.4
2020-02-03 14:55:12.398736,660.4
2020-02-03 14:55:17.695911,660.4
2020-02-03 14:55:22.993137,659.4856
2020-02-03 14:55:28.310562,660.4
2020-02-03 14:55:33.597739,660.4
2020-02-03 14:55:38.894908,659.4856
2020-02-03 14:55:44.192036,659.4856
2020-02-03 14:55:49.489197,661.416
2020-02-03 14:55:54.786181,659.4856
2020-02-03 14:56:00.083344,660.4
2020-02-03 14:56:05.400737,659.4856
2020-02-03 14:56:10.708198,660.4
2020-02-03 14:56:16.005396,660.4
2020-02-03 14:56:21.313055,661.416
2020-02-03 14:56:26.610904,659.4856
2020-02-03 14:56:31.918239,660.4
2020-02-03 14:56:37.225404,659.4856
2020-02-03 14:56:42.512576,660.4
2020-02-03 14:56:47.811615,660.4
2020-02-03 14:56:53.094683,660.4
2020-02-03 14:56:58.402049,659.4856
2020-02-03 14:57:03.699010,659.4856
2020-02-03 14:57:08.996384,660.4
2020-02-03 14:57:14.303563,660.4
2020-02-03 14:57:19.592753,659.4856
2020-02-03 14:57:24.889892,660.4
2020-02-03 14:57:30.187080,659.4856
2020-02-03 14:57:35.484202,660.4
2020-02-03 14:57:40.791978,659.4856
2020-02-03 14:57:46.089964,659.4856
2020-02-03 14:57:51.407128,659.4856
2020-02-03 14:57:56.704216,659.4856
2020-02-03 14:58:02.002935,659.4856
2020-02-03 14:58:07.300983,660.4
2020-02-03 14:58:12.608053,660.4
2020-02-03 14:58:17.915979,659.4856
2020-02-03 14:58:23.213155,659.4856
2020-02-03 14:58:28.500333,659.4856
2020-02-03 14:58:33.817466,659.4856
2020-02-03 14:58:39.115189,660.4
2020-02-03 14:58:44.432353,660.4
2020-02-03 14:58:49.739511,660.4
2020-02-03 14:58:55.036982,660.4
2020-02-03 14:59:00.354091,659.4856
2020-02-03 14:59:05.651301,659.4856
2020-02-03 14:59:10.949280,660.4
2020-02-03 14:59:16.246532,659.4856
2020-02-03 14:59:21.543704,660.4
2020-02-03 14:59:26.851928,659.4856
2020-02-03 14:59:32.151057,659.4856
2020-02-03 14:59:37.448806,659.4856
2020-02-03 14:59:42.745977,659.4856
2020-02-03 14:59:48.042988,660.4
2020-02-03 14:59:53.360300,659.4856
2020-02-03 14:59:58.667323,660.4
2020-02-03 15:00:03.964617,659.4856
2020-02-03 15:00:09.271546,659.4856
2020-02-03 15:00:14.578879,659.4856
2020-02-03 15:00:19.891793,659.4856
2020-02-03 15:00:25.188964,660.4
2020-02-03 15:00:30.486128,659.4856
2020-02-03 15:00:35.793292,659.4856
2020-02-03 15:00:41.091518,659.4856
2020-02-03 15:00:46.398579,659.4856
2020-02-03 15:00:51.705842,660.4
2020-02-03 15:00:57.002932,660.4
2020-02-03 15:01:02.310173,659.4856
2020-02-03 15:01:07.617835,659.4856
2020-02-03 15:01:12.915005,659.4856
2020-02-03 15:01:18.222582,659.4856
2020-02-03 15:01:23.519775,659.4856
2020-02-03 15:01:28.836912,659.4856
2020-02-03 15:01:34.134084,659.4856
2020-02-03 15:01:39.431269,659.4856
2020-02-03 15:01:44.728375,660.4
2020-02-03 15:01:50.025593,659.4856
2020-02-03 15:01:55.342756,660.4
2020-02-03 15:02:00.640376,659.4856
2020-02-03 15:02:05.937532,659.4856
2020-02-03 15:02:11.244700,659.4856
2020-02-03 15:02:16.541862,659.4856
2020-02-03 15:02:21.839759,660.4
2020-02-03 15:02:27.136926,659.4856
2020-02-03 15:02:32.434086,660.4
2020-02-03 15:02:37.731552,659.4856
2020-02-03 15:02:43.028857,660.4
2020-02-03 15:02:48.327995,659.4856
2020-02-03 15:02:53.625182,659.4856
2020-02-03 15:02:58.932240,659.4856
2020-02-03 15:03:04.239493,659.4856
2020-02-03 15:03:09.536590,660.4
2020-02-03 15:03:14.843837,660.4
2020-02-03 15:03:20.150986,660.4
2020-02-03 15:03:25.448755,660.4
2020-02-03 15:03:30.765915,659.4856
2020-02-03 15:03:36.063747,659.4856
2020-02-03 15:03:41.370908,660.4
2020-02-03 15:03:46.697971,660.4
2020-02-03 15:03:51.995255,659.4856
2020-02-03 15:03:57.302393,660.4
2020-02-03 15:04:02.600206,659.4856
2020-02-03 15:04:07.905944,659.4856
2020-02-03 15:04:13.203072,659.4856
2020-02-03 15:04:18.500056,659.4856
2020-02-03 15:04:23.797293,660.4
2020-02-03 15:04:29.104575,659.4856
2020-02-03 15:04:34.434786,659.4856
2020-02-03 15:04:39.731966,659.4856
2020-02-03 15:04:45.039007,660.4
2020-02-03 15:04:50.336298,659.4856
2020-02-03 15:04:55.633345,660.4
2020-02-03 15:05:00.931583,660.4
2020-02-03 15:05:06.248739,659.4856
2020-02-03 15:05:11.545902,660.4
2020-02-03 15:05:16.842858,659.4856
2020-02-03 15:05:22.161484,660.4
2020-02-03 15:05:27.459240,660.4
2020-02-03 15:05:32.776394,660.4
2020-02-03 15:05:38.073578,659.4856
2020-02-03 15:05:43.370730,659.4856
2020-02-03 15:05:48.667677,659.4856
2020-02-03 15:05:53.965081,659.4856
2020-02-03 15:05:59.272231,659.4856
2020-02-03 15:06:04.589325,660.4
2020-02-03 15:06:09.886556,659.4856
2020-02-03 15:06:15.183736,659.4856
2020-02-03 15:06:20.480904,660.4
2020-02-03 15:06:25.778073,659.4856
2020-02-03 15:06:31.075244,660.4
2020-02-03 15:06:36.372179,659.4856
2020-02-03 15:06:41.679569,659.4856
2020-02-03 15:06:46.976648,659.4856
2020-02-03 15:06:52.293843,659.4856
2020-02-03 15:06:57.601046,659.4856
2020-02-03 15:07:02.918209,659.4856
2020-02-03 15:07:08.215372,660.4
2020-02-03 15:07:13.512541,659.4856
2020-02-03 15:07:18.829707,660.4
2020-02-03 15:07:24.136869,659.4856
2020-02-03 15:07:29.444022,659.4856
2020-02-03 15:07:34.741610,659.4856
2020-02-03 15:07:40.038708,660.4
2020-02-03 15:07:45.345929,660.4
2020-02-03 15:07:50.653104,659.4856
2020-02-03 15:07:55.960247,659.4856
2020-02-03 15:08:01.267419,660.4
2020-02-03 15:08:06.564601,659.4856
2020-02-03 15:08:11.871695,660.4
2020-02-03 15:08:17.189485,659.4856
2020-02-03 15:08:22.486649,660.4
2020-02-03 15:08:27.783725,659.4856
2020-02-03 15:08:33.080957,659.4856
2020-02-03 15:08:38.398771,659.4856
2020-02-03 15:08:43.695934,659.4856
2020-02-03 15:08:48.993155,660.4
2020-02-03 15:08:54.310258,659.4856
2020-02-03 15:08:59.617408,659.4856
2020-02-03 15:09:04.924472,659.4856
2020-02-03 15:09:10.231731,660.4
2020-02-03 15:09:15.530149,659.4856
2020-02-03 15:09:20.827864,660.4
2020-02-03 15:09:26.144777,659.4856
2020-02-03 15:09:31.442186,659.4856
2020-02-03 15:09:36.739343,659.4856
2020-02-03 15:09:42.036507,659.4856
2020-02-03 15:09:47.343674,660.4
2020-02-03 15:09:52.640837,660.4
2020-02-03 15:09:57.938008,660.4
2020-02-03 15:10:03.244951,659.4856
2020-02-03 15:10:08.543025,660.4
2020-02-03 15:10:13.850117,660.4
2020-02-03 15:10:19.147370,659.4856
2020-02-03 15:10:24.444524,660.4
2020-02-03 15:10:29.761967,659.4856
2020-02-03 15:10:35.059506,660.4
2020-02-03 15:10:40.366681,660.4
2020-02-03 15:10:45.663836,660.4
2020-02-03 15:10:50.961003,660.4
2020-02-03 15:10:56.268162,659.4856
2020-02-03 15:11:01.565331,659.4856
2020-02-03 15:11:06.862514,659.4856
2020-02-03 15:11:12.159665,659.4856
2020-02-03 15:11:17.456837,659.4856
2020-02-03 15:11:22.773786,660.4
2020-02-03 15:11:28.071163,659.4856
2020-02-03 15:11:33.368331,659.4856
2020-02-03 15:11:38.685488,660.4
2020-02-03 15:11:43.982738,659.4856
2020-02-03 15:11:49.300392,660.4
2020-02-03 15:11:54.597582,659.4856
2020-02-03 15:11:59.894756,659.4856
2020-02-03 15:12:05.201911,659.4856
2020-02-03 15:12:10.498862,659.4856
2020-02-03 15:12:15.816234,659.4856
2020-02-03 15:12:21.113417,660.4
2020-02-03 15:12:26.430562,659.4856
2020-02-03 15:12:31.727651,660.4
2020-02-03 15:12:37.025552,659.4856
2020-02-03 15:12:42.342734,660.4
2020-02-03 15:12:47.641323,660.4
2020-02-03 15:12:52.949049,659.4856
2020-02-03 15:12:58.246467,659.4856
2020-02-03 15:13:03.543651,659.4856
2020-02-03 15:13:08.840812,660.4
2020-02-03 15:13:14.137999,660.4
2020-02-03 15:13:19.445085,660.4
2020-02-03 15:13:24.742312,660.4
2020-02-03 15:13:30.039426,660.4
2020-02-03 15:13:35.347340,659.4856
2020-02-03 15:13:40.644497,659.4856
2020-02-03 15:13:45.941660,659.4856
2020-02-03 15:13:51.238842,660.4
2020-02-03 15:13:56.536596,659.4856
2020-02-03 15:14:01.843757,659.4856
2020-02-03 15:14:07.140935,660.4
2020-02-03 15:14:12.438539,659.4856
2020-02-03 15:14:17.755801,659.4856
2020-02-03 15:14:23.052727,660.4
2020-02-03 15:14:28.350680,659.4856
2020-02-03 15:14:33.647842,660.4
2020-02-03 15:14:38.954993,660.4
2020-02-03 15:14:44.252177,659.4856
2020-02-03 15:14:49.550161,659.4856
2020-02-03 15:14:54.867327,659.4856
2020-02-03 15:15:00.164490,660.4
2020-02-03 15:15:05.471590,659.4856
2020-02-03 15:15:10.768830,659.4856
2020-02-03 15:15:16.065983,660.4
2020-02-03 15:15:21.374451,659.4856
2020-02-03 15:15:26.671616,659.4856
2020-02-03 15:15:31.969285,660.4
2020-02-03 15:15:37.277159,660.4
2020-02-03 15:15:42.584529,660.4
2020-02-03 15:15:47.881523,659.4856
2020-02-03 15:15:53.178910,660.4
2020-02-03 15:15:58.485793,659.4856
2020-02-03 15:16:03.793185,659.4856
2020-02-03 15:16:09.090337,660.4
2020-02-03 15:16:14.397518,659.4856
2020-02-03 15:16:19.704594,659.4856
2020-02-03 15:16:25.001886,660.4
2020-02-03 15:16:30.299002,659.4856
2020-02-03 15:16:35.596194,659.4856
2020-02-03 15:16:40.903344,659.4856
2020-02-03 15:16:46.210510,659.4856
2020-02-03 15:16:51.507600,659.4856
2020-02-03 15:16:56.834809,659.4856
2020-02-03 15:17:02.131904,659.4856
2020-02-03 15:17:07.429140,659.4856
2020-02-03 15:17:12.736644,659.4856
2020-02-03 15:17:18.033771,660.4
2020-02-03 15:17:23.330915,660.4
2020-02-03 15:17:28.628127,660.4
2020-02-03 15:17:33.925314,659.4856
2020-02-03 15:17:39.222475,660.4
2020-02-03 15:17:44.521166,660.4
2020-02-03 15:17:49.818879,660.4
2020-02-03 15:17:55.116810,659.4856
2020-02-03 15:18:00.414579,659.4856
2020-02-03 15:18:05.711744,659.4856
2020-02-03 15:18:11.008942,659.4856
2020-02-03 15:18:16.316002,659.4856
2020-02-03 15:18:21.613238,660.4
2020-02-03 15:18:26.920347,659.4856
2020-02-03 15:18:32.247557,659.4856
2020-02-03 15:18:37.554718,660.4
2020-02-03 15:18:42.851887,659.4856
2020-02-03 15:18:48.149071,659.4856
2020-02-03 15:18:53.455992,659.4856
2020-02-03 15:18:58.753385,659.4856
2020-02-03 15:19:04.050539,659.4856
2020-02-03 15:19:09.357729,659.4856
2020-02-03 15:19:14.664654,659.4856
2020-02-03 15:19:19.961990,659.4856
2020-02-03 15:19:25.259225,660.4
2020-02-03 15:19:30.556382,660.4
2020-02-03 15:19:35.883526,659.4856
2020-02-03 15:19:41.180680,659.4856
2020-02-03 15:19:46.477868,659.4856
2020-02-03 15:19:51.775054,659.4856
2020-02-03 15:19:57.072822,659.4856
2020-02-03 15:20:02.370611,660.4
2020-02-03 15:20:07.677799,659.4856
2020-02-03 15:20:12.974743,659.4856
2020-02-03 15:20:18.272141,659.4856
2020-02-03 15:20:23.569083,660.4
2020-02-03 15:20:28.876469,659.4856
2020-02-03 15:20:34.173548,660.4
2020-02-03 15:20:39.480795,660.4
2020-02-03 15:20:44.777967,660.4
2020-02-03 15:20:50.075120,659.4856
2020-02-03 15:20:55.382312,660.4
2020-02-03 15:21:00.689304,660.4
2020-02-03 15:21:05.997793,659.4856
2020-02-03 15:21:11.305473,660.4
2020-02-03 15:21:16.602713,659.4856
2020-02-03 15:21:21.909872,660.4
2020-02-03 15:21:27.217021,659.4856
2020-02-03 15:21:32.514016,660.4
2020-02-03 15:21:37.821369,659.4856
2020-02-03 15:21:43.128526,659.4856
2020-02-03 15:21:48.435603,660.4
2020-02-03 15:21:53.752849,659.4856
2020-02-03 15:21:59.049942,659.4856
2020-02-03 15:22:04.377028,660.4
2020-02-03 15:22:09.674328,659.4856
2020-02-03 15:22:14.971490,659.4856
2020-02-03 15:22:20.268678,659.4856
2020-02-03 15:22:25.585819,660.4
2020-02-03 15:22:30.882982,660.4
2020-02-03 15:22:36.190160,659.4856
2020-02-03 15:22:41.497563,660.4
2020-02-03 15:22:46.804813,659.4856
2020-02-03 15:22:52.102369,659.4856
2020-02-03 15:22:57.429556,660.4
2020-02-03 15:23:02.736694,660.4
2020-02-03 15:23:08.043862,660.4
2020-02-03 15:23:13.361046,660.4
2020-02-03 15:23:18.658559,660.4
2020-02-03 15:23:23.975833,660.4
2020-02-03 15:23:29.312966,659.4856
2020-02-03 15:23:34.610153,659.4856
2020-02-03 15:23:39.917645,659.4856
2020-02-03 15:23:45.235718,659.4856
2020-02-03 15:23:50.534619,659.4856
2020-02-03 15:23:55.861684,660.4
2020-02-03 15:24:01.158902,660.4
2020-02-03 15:24:06.456037,659.4856
2020-02-03 15:24:11.763254,660.4
2020-02-03 15:24:17.060419,660.4
2020-02-03 15:24:22.367593,659.4856
2020-02-03 15:24:27.664598,659.4856
2020-02-03 15:24:32.961853,659.4856
2020-02-03 15:24:38.269098,660.4
2020-02-03 15:24:43.566198,659.4856
2020-02-03 15:24:48.893414,660.4
2020-02-03 15:24:54.210577,659.4856
2020-02-03 15:24:59.510473,659.4856
2020-02-03 15:25:04.807593,659.4856
2020-02-03 15:25:10.114804,659.4856
2020-02-03 15:25:15.431961,659.4856
2020-02-03 15:25:20.759113,660.4
2020-02-03 15:25:26.056586,659.4856
2020-02-03 15:25:31.373742,659.4856
2020-02-03 15:25:36.680908,659.4856
2020-02-03 15:25:41.987875,659.4856
2020-02-03 15:25:47.295234,659.4856
2020-02-03 15:25:52.592398,659.4856
2020-02-03 15:25:57.899561,659.4856
2020-02-03 15:26:03.207480,659.4856
2020-02-03 15:26:08.514833,660.4
2020-02-03 15:26:13.871970,659.4856
2020-02-03 15:26:19.219026,660.4
2020-02-03 15:26:24.536282,660.4
2020-02-03 15:26:29.853427,660.4
2020-02-03 15:26:35.181519,659.4856
2020-02-03 15:26:40.498713,660.4
2020-02-03 15:26:45.845899,659.4856
2020-02-03 15:26:51.179404,660.4
2020-02-03 15:26:56.506785,659.4856
2020-02-03 15:27:01.833895,659.4856
2020-02-03 15:27:07.191071,659.4856
2020-02-03 15:27:12.498235,659.4856
2020-02-03 15:27:17.835151,659.4856
2020-02-03 15:27:23.152452,659.4856
2020-02-03 15:27:28.469696,659.4856
2020-02-03 15:27:33.796859,659.4856
2020-02-03 15:27:39.124015,659.4856
2020-02-03 15:27:44.481146,659.4856
2020-02-03 15:27:49.808226,659.4856
2020-02-03 15:27:55.125426,660.4
2020-02-03 15:28:00.442601,659.4856
2020-02-03 15:28:05.780435,659.4856
2020-02-03 15:28:11.087576,659.4856
2020-02-03 15:28:16.394756,659.4856
2020-02-03 15:28:21.721700,659.4856
2020-02-03 15:28:27.049034,659.4856
2020-02-03 15:28:32.376198,659.4856
2020-02-03 15:28:37.713349,660.4
2020-02-03 15:28:43.030531,660.4
2020-02-03 15:28:48.347667,659.4856
2020-02-03 15:28:53.674827,659.4856
2020-02-03 15:28:59.002002,660.4
2020-02-03 15:29:04.318890,660.4
2020-02-03 15:29:09.656168,659.4856
2020-02-03 15:29:14.983432,659.4856
2020-02-03 15:29:20.300677,659.4856
2020-02-03 15:29:25.610752,658.4696
2020-02-03 15:29:30.947883,659.4856
2020-02-03 15:29:36.295410,659.4856
2020-02-03 15:29:41.643093,659.4856
2020-02-03 15:29:46.978931,660.4
2020-02-03 15:29:52.325921,659.4856
2020-02-03 15:29:57.663150,660.4
2020-02-03 15:30:02.980356,659.4856
2020-02-03 15:30:08.277529,659.4856
2020-02-03 15:30:13.574615,659.4856
2020-02-03 15:30:18.891685,659.4856
2020-02-03 15:30:24.189284,659.4856
2020-02-03 15:30:29.486500,659.4856
2020-02-03 15:30:34.804266,659.4856
2020-02-03 15:30:40.111729,660.4
2020-02-03 15:30:45.428979,659.4856
2020-02-03 15:30:50.726379,659.4856
2020-02-03 15:30:56.023587,659.4856
2020-02-03 15:31:01.330664,659.4856
2020-02-03 15:31:06.627879,660.4
2020-02-03 15:31:11.925033,660.4
2020-02-03 15:31:17.222166,659.4856
2020-02-03 15:31:22.519365,659.4856
2020-02-03 15:31:27.837582,660.4
2020-02-03 15:31:33.135493,659.4856
2020-02-03 15:31:38.432658,659.4856
2020-02-03 15:31:43.740469,659.4856
2020-02-03 15:31:49.037398,659.4856
2020-02-03 15:31:54.354784,659.4856
2020-02-03 15:31:59.651941,659.4856
2020-02-03 15:32:04.978892,659.4856
2020-02-03 15:32:10.296202,659.4856
2020-02-03 15:32:15.593419,659.4856
2020-02-03 15:32:20.890598,659.4856
2020-02-03 15:32:26.207710,659.4856
2020-02-03 15:32:31.504682,659.4856
2020-02-03 15:32:36.802633,659.4856
2020-02-03 15:32:42.099721,659.4856
2020-02-03 15:32:47.417381,659.4856
2020-02-03 15:32:52.734548,659.4856
2020-02-03 15:32:58.031621,659.4856
2020-02-03 15:33:03.348861,660.4
2020-02-03 15:33:08.646003,659.4856
2020-02-03 15:33:13.943484,659.4856
2020-02-03 15:33:19.260453,659.4856
2020-02-03 15:33:24.557813,659.4856
2020-02-03 15:33:29.854976,659.4856
2020-02-03 15:33:35.192139,660.4
2020-02-03 15:33:40.509295,659.4856
2020-02-03 15:33:45.806444,659.4856
2020-02-03 15:33:51.104039,659.4856
2020-02-03 15:33:56.411221,659.4856
2020-02-03 15:34:01.738359,659.4856
2020-02-03 15:34:07.035582,659.4856
2020-02-03 15:34:12.332706,660.4
2020-02-03 15:34:17.626345,659.4856
2020-02-03 15:34:22.923679,659.4856
2020-02-03 15:34:28.240871,659.4856
2020-02-03 15:34:33.538055,659.4856
2020-02-03 15:34:38.835227,659.4856
2020-02-03 15:34:44.152392,660.4
2020-02-03 15:34:49.449549,660.4
2020-02-03 15:34:54.766720,659.4856
2020-02-03 15:35:00.064357,660.4
2020-02-03 15:35:05.371365,658.4696
2020-02-03 15:35:10.698635,660.4
2020-02-03 15:35:15.995794,659.4856
2020-02-03 15:35:21.302950,659.4856
2020-02-03 15:35:26.600998,659.4856
2020-02-03 15:35:31.928158,659.4856
2020-02-03 15:35:37.225324,659.4856
2020-02-03 15:35:42.522507,658.4696
2020-02-03 15:35:47.819678,659.4856
2020-02-03 15:35:53.116842,660.4
2020-02-03 15:35:58.423983,660.4
2020-02-03 15:36:03.741144,659.4856
2020-02-03 15:36:09.038339,659.4856
2020-02-03 15:36:14.335466,660.4
2020-02-03 15:36:19.652820,659.4856
2020-02-03 15:36:24.949967,659.4856
2020-02-03 15:36:30.247132,659.4856
2020-02-03 15:36:35.544314,659.4856
2020-02-03 15:36:40.841489,659.4856
2020-02-03 15:36:46.138569,660.4
2020-02-03 15:36:51.445815,659.4856
2020-02-03 15:36:56.742966,659.4856
2020-02-03 15:37:02.040502,659.4856
2020-02-03 15:37:07.337539,659.4856
2020-02-03 15:37:12.634823,660.4
2020-02-03 15:37:17.932005,660.4
2020-02-03 15:37:23.239078,659.4856
2020-02-03 15:37:28.536322,659.4856
2020-02-03 15:37:33.833510,659.4856
2020-02-03 15:37:39.130672,659.4856
2020-02-03 15:37:44.447787,659.4856
2020-02-03 15:37:49.754990,660.4
2020-02-03 15:37:55.052153,659.4856
2020-02-03 15:38:00.369294,659.4856
2020-02-03 15:38:05.666472,659.4856
2020-02-03 15:38:10.973647,659.4856
2020-02-03 15:38:16.271443,659.4856
2020-02-03 15:38:21.568566,660.4
2020-02-03 15:38:26.875755,659.4856
2020-02-03 15:38:32.172907,660.4
2020-02-03 15:38:37.470111,659.4856
2020-02-03 15:38:42.777270,659.4856
2020-02-03 15:38:48.074410,660.4
2020-02-03 15:38:53.371377,659.4856
2020-02-03 15:38:58.688685,659.4856
2020-02-03 15:39:03.985918,659.4856
2020-02-03 15:39:09.293582,660.4
2020-02-03 15:39:14.590786,659.4856
2020-02-03 15:39:19.888274,659.4856
2020-02-03 15:39:25.195422,659.4856
2020-02-03 15:39:30.492502,659.4856
2020-02-03 15:39:35.819755,659.4856
2020-02-03 15:39:41.117243,659.4856
2020-02-03 15:39:46.414487,660.4
2020-02-03 15:39:51.721651,659.4856
2020-02-03 15:39:57.019885,659.4856
2020-02-03 15:40:02.316926,659.4856
2020-02-03 15:40:07.614203,659.4856
2020-02-03 15:40:12.921301,659.4856
2020-02-03 15:40:18.218862,659.4856
2020-02-03 15:40:23.516038,659.4856
2020-02-03 15:40:28.813207,659.4856
2020-02-03 15:40:34.110378,659.4856
2020-02-03 15:40:39.417888,660.4
2020-02-03 15:40:44.724821,659.4856
2020-02-03 15:40:50.022212,659.4856
2020-02-03 15:40:55.320058,660.4
2020-02-03 15:41:00.617226,660.4
2020-02-03 15:41:05.934394,659.4856
2020-02-03 15:41:11.241315,659.4856
2020-02-03 15:41:16.538727,659.4856
2020-02-03 15:41:21.835896,660.4
2020-02-03 15:41:27.133049,660.4
2020-02-03 15:41:32.440207,659.4856
2020-02-03 15:41:37.747334,659.4856
2020-02-03 15:41:43.044546,659.4856
2020-02-03 15:41:48.351693,659.4856
2020-02-03 15:41:53.678867,660.4
2020-02-03 15:41:58.976023,659.4856
2020-02-03 15:42:04.283209,659.4856
2020-02-03 15:42:09.580354,659.4856
2020-02-03 15:42:14.877975,659.4856
2020-02-03 15:42:20.175122,659.4856
2020-02-03 15:42:25.472215,659.4856
2020-02-03 15:42:30.789975,659.4856
2020-02-03 15:42:36.087142,659.4856
2020-02-03 15:42:41.384311,660.4
2020-02-03 15:42:46.701469,659.4856
2020-02-03 15:42:51.998654,659.4856
2020-02-03 15:42:57.305729,660.4
2020-02-03 15:43:02.602966,659.4856
2020-02-03 15:43:07.910128,660.4
2020-02-03 15:43:13.208073,660.4
2020-02-03 15:43:18.505182,660.4
2020-02-03 15:43:23.812318,659.4856
2020-02-03 15:43:29.119815,659.4856
2020-02-03 15:43:34.437768,660.4
2020-02-03 15:43:39.764963,659.4856
2020-02-03 15:43:45.062132,659.4856
2020-02-03 15:43:50.379179,659.4856
2020-02-03 15:43:55.686455,659.4856
2020-02-03 15:44:00.983608,659.4856
2020-02-03 15:44:06.300781,658.4696
2020-02-03 15:44:11.597716,659.4856
2020-02-03 15:44:16.895057,659.4856
2020-02-03 15:44:22.192866,659.4856
2020-02-03 15:44:27.490023,660.4
2020-02-03 15:44:32.787190,659.4856
2020-02-03 15:44:38.084365,660.4
2020-02-03 15:44:43.381875,659.4856
2020-02-03 15:44:48.689262,660.4
2020-02-03 15:44:53.986898,660.4
2020-02-03 15:44:59.314439,659.4856
2020-02-03 15:45:04.611905,659.4856
2020-02-03 15:45:09.919046,660.4
2020-02-03 15:45:15.226295,660.4
2020-02-03 15:45:20.523395,660.4
2020-02-03 15:45:25.840572,660.4
2020-02-03 15:45:31.137787,660.4
2020-02-03 15:45:36.434956,659.4856
2020-02-03 15:45:41.742119,660.4
2020-02-03 15:45:47.040422,660.4
2020-02-03 15:45:52.347349,659.4856
2020-02-03 15:45:57.664646,659.4856
2020-02-03 15:46:02.961896,660.4
2020-02-03 15:46:08.268981,660.4
2020-02-03 15:46:13.566205,659.4856
2020-02-03 15:46:18.874259,659.4856
2020-02-03 15:46:24.171518,659.4856
2020-02-03 15:46:29.478673,659.4856
2020-02-03 15:46:34.795824,660.4
2020-02-03 15:46:40.092995,659.4856
2020-02-03 15:46:45.390125,659.4856
2020-02-03 15:46:50.717584,659.4856
2020-02-03 15:46:56.024805,659.4856
2020-02-03 15:47:01.321826,659.4856
2020-02-03 15:47:06.619086,659.4856
2020-02-03 15:47:11.916240,659.4856
2020-02-03 15:47:17.223417,659.4856
2020-02-03 15:47:22.520568,659.4856
2020-02-03 15:47:27.817736,660.4
2020-02-03 15:47:33.124899,659.4856
2020-02-03 15:47:38.432274,659.4856
2020-02-03 15:47:43.739637,660.4
2020-02-03 15:47:49.036818,659.4856
2020-02-03 15:47:54.333798,659.4856
2020-02-03 15:47:59.631149,659.4856
2020-02-03 15:48:04.929462,659.4856
2020-02-03 15:48:10.236631,659.4856
2020-02-03 15:48:15.543797,659.4856
2020-02-03 15:48:20.850948,659.4856
2020-02-03 15:48:26.148387,659.4856
2020-02-03 15:48:31.455505,659.4856
2020-02-03 15:48:36.762748,659.4856
2020-02-03 15:48:42.060390,659.4856
2020-02-03 15:48:47.387606,660.4
2020-02-03 15:48:52.684774,659.4856
2020-02-03 15:48:57.982465,659.4856
2020-02-03 15:49:03.289855,660.4
2020-02-03 15:49:08.596863,659.4856
2020-02-03 15:49:13.903975,659.4856
2020-02-03 15:49:19.201301,659.4856
2020-02-03 15:49:24.498531,659.4856
2020-02-03 15:49:29.805629,659.4856
2020-02-03 15:49:35.102846,659.4856
2020-02-03 15:49:40.399983,659.4856
2020-02-03 15:49:45.707186,659.4856
2020-02-03 15:49:51.004142,659.4856
2020-02-03 15:49:56.311509,659.4856
2020-02-03 15:50:01.609914,659.4856
2020-02-03 15:50:06.907123,659.4856
2020-02-03 15:50:12.214289,658.4696
2020-02-03 15:50:17.511456,660.4
2020-02-03 15:50:22.828614,659.4856
2020-02-03 15:50:28.135781,660.4
2020-02-03 15:50:33.432948,659.4856
2020-02-03 15:50:38.741113,659.4856
2020-02-03 15:50:44.038254,660.4
2020-02-03 15:50:49.355451,660.4
2020-02-03 15:50:54.682587,659.4856
2020-02-03 15:50:59.979758,660.4
2020-02-03 15:51:05.286820,660.4
2020-02-03 15:51:10.584091,659.4856
2020-02-03 15:51:15.891993,659.4856
2020-02-03 15:51:21.219208,659.4856
2020-02-03 15:51:26.516357,659.4856
2020-02-03 15:51:31.823518,659.4856
2020-02-03 15:51:37.130680,659.4856
2020-02-03 15:51:42.437838,660.4
2020-02-03 15:51:47.755013,659.4856
2020-02-03 15:51:53.052015,660.4
2020-02-03 15:51:58.369232,659.4856
2020-02-03 15:52:03.666500,660.4
2020-02-03 15:52:08.983662,659.4856
2020-02-03 15:52:14.280820,659.4856
2020-02-03 15:52:19.578003,660.4
2020-02-03 15:52:24.885149,659.4856
2020-02-03 15:52:30.202772,659.4856
2020-02-03 15:52:35.510448,659.4856
2020-02-03 15:52:40.808151,660.4
2020-02-03 15:52:46.105605,659.4856
2020-02-03 15:52:51.402831,659.4856
2020-02-03 15:52:56.729974,659.4856
2020-02-03 15:53:02.027194,660.4
2020-02-03 15:53:07.344299,659.4856
2020-02-03 15:53:12.641466,659.4856
2020-02-03 15:53:17.948956,659.4856
2020-02-03 15:53:23.266129,659.4856
2020-02-03 15:53:28.563285,659.4856
2020-02-03 15:53:33.860272,659.4856
2020-02-03 15:53:39.157633,659.4856
2020-02-03 15:53:44.454796,659.4856
2020-02-03 15:53:49.761939,659.4856
2020-02-03 15:53:55.069123,659.4856
2020-02-03 15:54:00.376097,659.4856
2020-02-03 15:54:05.703440,659.4856
2020-02-03 15:54:11.050584,659.4856
2020-02-03 15:54:16.367726,659.4856
2020-02-03 15:54:21.684898,658.4696
2020-02-03 15:54:26.982053,660.4
2020-02-03 15:54:32.299612,659.4856
2020-02-03 15:54:37.616807,659.4856
2020-02-03 15:54:42.914486,659.4856
2020-02-03 15:54:48.221633,659.4856
2020-02-03 15:54:53.518817,659.4856
2020-02-03 15:54:58.855856,659.4856
2020-02-03 15:55:04.163109,659.4856
2020-02-03 15:55:09.490273,659.4856
2020-02-03 15:55:14.807435,659.4856
2020-02-03 15:55:20.134342,659.4856
2020-02-03 15:55:25.442711,659.4856
2020-02-03 15:55:30.750677,659.4856
2020-02-03 15:55:36.077868,659.4856
2020-02-03 15:55:41.404998,659.4856
2020-02-03 15:55:46.742133,659.4856
2020-02-03 15:55:52.059304,659.4856
2020-02-03 15:55:57.377457,659.4856
2020-02-03 15:56:02.694515,659.4856
2020-02-03 15:56:08.022809,659.4856
2020-02-03 15:56:13.340789,659.4856
2020-02-03 15:56:18.689539,659.4856
2020-02-03 15:56:24.026684,659.4856
2020-02-03 15:56:29.354678,658.4696
2020-02-03 15:56:34.712074,659.4856
2020-02-03 15:56:40.039219,659.4856
2020-02-03 15:56:45.346469,659.4856
2020-02-03 15:56:50.643678,659.4856
2020-02-03 15:56:55.960849,659.4856
2020-02-03 15:57:01.307960,659.4856
2020-02-03 15:57:06.615154,659.4856
2020-02-03 15:57:11.932311,659.4856
2020-02-03 15:57:17.239452,659.4856
2020-02-03 15:57:22.536641,659.4856
2020-02-03 15:57:27.863679,659.4856
2020-02-03 15:57:33.170942,659.4856
2020-02-03 15:57:38.489547,659.4856
2020-02-03 15:57:43.826686,660.4
2020-02-03 15:57:49.143624,659.4856
2020-02-03 15:57:54.481012,659.4856
2020-02-03 15:57:59.818145,659.4856
2020-02-03 15:58:05.125306,659.4856
2020-02-03 15:58:10.452458,659.4856
2020-02-03 15:58:15.789396,660.4
2020-02-03 15:58:21.096572,659.4856
2020-02-03 15:58:26.425490,659.4856
2020-02-03 15:58:31.772623,659.4856
2020-02-03 15:58:37.089803,659.4856
2020-02-03 15:58:42.406919,659.4856
2020-02-03 15:58:47.714112,660.4
2020-02-03 15:58:53.041335,659.4856
2020-02-03 15:58:58.388203,659.4856
2020-02-03 15:59:03.705556,659.4856
2020-02-03 15:59:09.042718,659.4856
2020-02-03 15:59:14.370412,660.4
2020-02-03 15:59:19.692510,659.4856
2020-02-03 15:59:25.009619,659.4856
2020-02-03 15:59:30.306656,659.4856
2020-02-03 15:59:35.633999,659.4856
2020-02-03 15:59:40.961149,659.4856
2020-02-03 15:59:46.278309,659.4856
2020-02-03 15:59:51.585296,658.4696
2020-02-03 15:59:56.902631,659.4856
2020-02-03 16:00:02.239739,659.4856
2020-02-03 16:00:07.557135,659.4856
2020-02-03 16:00:12.894671,659.4856
2020-02-03 16:00:18.213515,659.4856
2020-02-03 16:00:23.550664,659.4856
2020-02-03 16:00:28.877815,659.4856
2020-02-03 16:00:34.194965,659.4856
2020-02-03 16:00:39.532115,659.4856
2020-02-03 16:00:44.869865,659.4856
2020-02-03 16:00:50.207522,659.4856
2020-02-03 16:00:55.554676,659.4856
2020-02-03 16:01:00.861817,659.4856
2020-02-03 16:01:06.188974,659.4856
2020-02-03 16:01:11.526119,659.4856
2020-02-03 16:01:16.843296,659.4856
2020-02-03 16:01:22.160449,659.4856
2020-02-03 16:01:27.477596,659.4856
2020-02-03 16:01:32.824736,659.4856
2020-02-03 16:01:38.151791,659.4856
2020-02-03 16:01:43.549106,659.4856
2020-02-03 16:01:48.876259,658.4696
2020-02-03 16:01:54.213415,659.4856
2020-02-03 16:01:59.530551,659.4856
2020-02-03 16:02:04.857702,659.4856
2020-02-03 16:02:10.174872,659.4856
2020-02-03 16:02:15.512023,659.4856
2020-02-03 16:02:20.838944,659.4856
2020-02-03 16:02:26.196140,659.4856
2020-02-03 16:02:31.523347,659.4856
2020-02-03 16:02:36.890353,660.4
2020-02-03 16:02:42.207734,659.4856
2020-02-03 16:02:47.554868,659.4856
2020-02-03 16:02:52.872033,659.4856
2020-02-03 16:02:58.219503,659.4856
2020-02-03 16:03:03.557489,659.4856
2020-02-03 16:03:08.884654,659.4856
2020-02-03 16:03:14.231783,659.4856
2020-02-03 16:03:19.588924,659.4856
2020-02-03 16:03:24.926081,659.4856
2020-02-03 16:03:30.253228,659.4856
2020-02-03 16:03:35.590366,659.4856
2020-02-03 16:03:40.907538,659.4856
2020-02-03 16:03:46.244678,659.4856
2020-02-03 16:03:51.571731,659.4856
2020-02-03 16:03:56.959261,659.4856
2020-02-03 16:04:02.336383,659.4856
2020-02-03 16:04:07.713526,659.4856
2020-02-03 16:04:13.100649,659.4856
2020-02-03 16:04:18.447788,659.4856
2020-02-03 16:04:23.820861,660.4
2020-02-03 16:04:29.188216,659.4856
2020-02-03 16:04:34.555272,659.4856
2020-02-03 16:04:39.932455,659.4856
2020-02-03 16:04:45.299605,660.4
2020-02-03 16:04:50.628172,659.4856
2020-02-03 16:04:55.975533,659.4856
2020-02-03 16:05:01.353659,660.4
2020-02-03 16:05:06.730787,659.4856
2020-02-03 16:05:12.098438,659.4856
2020-02-03 16:05:17.455561,659.4856
2020-02-03 16:05:22.823180,659.4856
2020-02-03 16:05:28.160331,659.4856
2020-02-03 16:05:33.527462,659.4856
2020-02-03 16:05:38.874619,659.4856
2020-02-03 16:05:44.241728,660.4
2020-02-03 16:05:49.598880,659.4856
2020-02-03 16:05:54.936030,658.4696
2020-02-03 16:06:00.303145,659.4856
2020-02-03 16:06:05.680572,659.4856
2020-02-03 16:06:11.017710,659.4856
2020-02-03 16:06:16.385788,659.4856
2020-02-03 16:06:21.742922,659.4856
2020-02-03 16:06:27.090081,659.4856
2020-02-03 16:06:32.457178,659.4856
2020-02-03 16:06:37.814311,659.4856
2020-02-03 16:06:43.161476,659.4856
2020-02-03 16:06:48.518625,659.4856
2020-02-03 16:06:53.875761,659.4856
2020-02-03 16:06:59.222889,660.4
2020-02-03 16:07:04.600816,659.4856
2020-02-03 16:07:09.938343,659.4856
2020-02-03 16:07:15.315639,659.4856
2020-02-03 16:07:20.692689,659.4856
2020-02-03 16:07:26.069760,659.4856
2020-02-03 16:07:31.426784,659.4856
2020-02-03 16:07:36.783986,659.4856
2020-02-03 16:07:42.162271,659.4856
2020-02-03 16:07:47.539605,659.4856
2020-02-03 16:07:52.887618,659.4856
2020-02-03 16:07:58.244744,660.4
2020-02-03 16:08:03.641855,659.4856
2020-02-03 16:08:09.038999,659.4856
2020-02-03 16:08:14.416114,659.4856
2020-02-03 16:08:19.803231,659.4856
2020-02-03 16:08:25.160698,659.4856
2020-02-03 16:08:30.547820,659.4856
2020-02-03 16:08:35.925500,659.4856
2020-02-03 16:08:41.272705,659.4856
2020-02-03 16:08:46.639896,659.4856
2020-02-03 16:08:52.026992,659.4856
2020-02-03 16:08:57.414057,659.4856
2020-02-03 16:09:02.791173,658.4696
2020-02-03 16:09:08.178648,659.4856
2020-02-03 16:09:13.556318,659.4856
2020-02-03 16:09:18.913462,660.4
2020-02-03 16:09:24.281101,660.4
2020-02-03 16:09:29.658260,659.4856
2020-02-03 16:09:35.035240,659.4856
2020-02-03 16:09:40.413551,659.4856
2020-02-03 16:09:45.761875,659.4856
2020-02-03 16:09:51.119536,659.4856
2020-02-03 16:09:56.486652,659.4856
2020-02-03 16:10:01.873768,659.4856
2020-02-03 16:10:07.240916,659.4856
2020-02-03 16:10:12.618040,660.4
2020-02-03 16:10:17.975174,659.4856
2020-02-03 16:10:23.322313,659.4856
2020-02-03 16:10:28.709419,659.4856
2020-02-03 16:10:34.066551,659.4856
2020-02-03 16:10:39.443682,659.4856
2020-02-03 16:10:44.820806,659.4856
2020-02-03 16:10:50.207875,659.4856
2020-02-03 16:10:55.565012,659.4856
2020-02-03 16:11:00.952085,659.4856
2020-02-03 16:11:06.319309,659.4856
2020-02-03 16:11:11.706436,659.4856
2020-02-03 16:11:17.083479,659.4856
2020-02-03 16:11:22.470610,660.4
2020-02-03 16:11:27.837803,658.4696
2020-02-03 16:11:33.234923,660.4
2020-02-03 16:11:38.594348,660.4
2020-02-03 16:11:43.971476,659.4856
2020-02-03 16:11:49.349167,659.4856
2020-02-03 16:11:54.726292,659.4856
2020-02-03 16:12:00.103391,659.4856
2020-02-03 16:12:05.480442,659.4856
2020-02-03 16:12:10.868297,659.4856
2020-02-03 16:12:16.258438,660.4
2020-02-03 16:12:21.625588,659.4856
2020-02-03 16:12:27.023024,659.4856
2020-02-03 16:12:32.410139,659.4856
2020-02-03 16:12:37.787285,659.4856
2020-02-03 16:12:43.165104,660.4
2020-02-03 16:12:48.543478,659.4856
2020-02-03 16:12:53.911075,659.4856
2020-02-03 16:12:59.278230,659.4856
2020-02-03 16:13:04.655351,659.4856
2020-02-03 16:13:10.042482,659.4856
2020-02-03 16:13:15.429604,659.4856
2020-02-03 16:13:20.826719,659.4856
2020-02-03 16:13:26.193840,659.4856
2020-02-03 16:13:31.570963,659.4856
2020-02-03 16:13:36.938086,660.4
2020-02-03 16:13:42.325224,659.4856
2020-02-03 16:13:47.712173,659.4856
2020-02-03 16:13:53.103276,659.4856
2020-02-03 16:13:58.490349,659.4856
2020-02-03 16:14:03.887490,659.4856
2020-02-03 16:14:09.274613,659.4856
2020-02-03 16:14:14.671626,659.4856
2020-02-03 16:14:20.068644,659.4856
2020-02-03 16:14:25.445964,659.4856
2020-02-03 16:14:30.843035,659.4856
2020-02-03 16:14:36.210212,659.4856
2020-02-03 16:14:41.587353,659.4856
2020-02-03 16:14:46.994447,659.4856
2020-02-03 16:14:52.371470,659.4856
2020-02-03 16:14:57.748708,659.4856
2020-02-03 16:15:03.135828,659.4856
2020-02-03 16:15:08.532881,659.4856
2020-02-03 16:15:13.909963,659.4856
2020-02-03 16:15:19.286997,659.4856
2020-02-03 16:15:24.664709,659.4856
2020-02-03 16:15:30.082028,660.4
2020-02-03 16:15:35.490021,659.4856
2020-02-03 16:15:40.878148,659.4856
2020-02-03 16:15:46.275263,659.4856
2020-02-03 16:15:51.662341,659.4856
2020-02-03 16:15:57.059302,659.4856
2020-02-03 16:16:02.446980,659.4856
2020-02-03 16:16:07.834058,659.4856
2020-02-03 16:16:13.221022,659.4856
2020-02-03 16:16:18.598341,659.4856
2020-02-03 16:16:23.995448,659.4856
2020-02-03 16:16:29.382574,659.4856
2020-02-03 16:16:34.749626,659.4856
2020-02-03 16:16:40.137248,659.4856
2020-02-03 16:16:45.524972,659.4856
2020-02-03 16:16:50.922083,659.4856
2020-02-03 16:16:56.309205,659.4856
2020-02-03 16:17:01.696322,659.4856
2020-02-03 16:17:07.093474,659.4856
2020-02-03 16:17:12.470562,659.4856
2020-02-03 16:17:17.857538,659.4856
2020-02-03 16:17:23.284927,659.4856
2020-02-03 16:17:28.672029,659.4856
2020-02-03 16:17:34.059194,659.4856
2020-02-03 16:17:39.446270,659.4856
2020-02-03 16:17:44.833776,659.4856
2020-02-03 16:17:50.210744,660.4
2020-02-03 16:17:55.628069,659.4856
2020-02-03 16:18:01.025143,659.4856
2020-02-03 16:18:06.402335,659.4856
2020-02-03 16:18:11.800135,660.4
2020-02-03 16:18:17.187183,659.4856
2020-02-03 16:18:22.574355,659.4856
2020-02-03 16:18:27.961478,659.4856
2020-02-03 16:18:33.358568,659.4856
2020-02-03 16:18:38.745722,659.4856
2020-02-03 16:18:44.132841,659.4856
2020-02-03 16:18:49.529941,659.4856
2020-02-03 16:18:54.907502,659.4856
2020-02-03 16:19:00.294583,659.4856
2020-02-03 16:19:05.681740,660.4
2020-02-03 16:19:11.078889,660.4
2020-02-03 16:19:16.445926,659.4856
2020-02-03 16:19:21.834711,659.4856
2020-02-03 16:19:27.221812,659.4856
2020-02-03 16:19:32.608942,659.4856
2020-02-03 16:19:37.996063,659.4856
2020-02-03 16:19:43.382978,659.4856
2020-02-03 16:19:48.771286,659.4856
2020-02-03 16:19:54.168387,659.4856
2020-02-03 16:19:59.515535,659.4856
2020-02-03 16:20:04.832680,659.4856
2020-02-03 16:20:10.159623,659.4856
2020-02-03 16:20:15.526968,659.4856
2020-02-03 16:20:20.844136,659.4856
2020-02-03 16:20:26.141306,659.4856
2020-02-03 16:20:31.498423,659.4856
2020-02-03 16:20:36.815584,659.4856
2020-02-03 16:20:42.132737,659.4856
2020-02-03 16:20:47.470321,659.4856
2020-02-03 16:20:52.817475,659.4856
2020-02-03 16:20:58.144417,659.4856
2020-02-03 16:21:03.501751,659.4856
2020-02-03 16:21:08.868892,659.4856
2020-02-03 16:21:14.206924,659.4856
2020-02-03 16:21:19.504104,659.4856
2020-02-03 16:21:24.831257,659.4856
2020-02-03 16:21:30.148402,658.4696
2020-02-03 16:21:35.515301,659.4856
2020-02-03 16:21:40.892659,658.4696
2020-02-03 16:21:46.239807,659.4856
2020-02-03 16:21:51.566731,659.4856
2020-02-03 16:21:56.903866,659.4856
2020-02-03 16:22:02.241238,659.4856
2020-02-03 16:22:07.568395,660.4
2020-02-03 16:22:12.875555,659.4856
2020-02-03 16:22:18.202607,658.4696
2020-02-03 16:22:23.542540,659.4856
2020-02-03 16:22:28.889685,659.4856
2020-02-03 16:22:34.226847,659.4856
2020-02-03 16:22:39.564393,659.4856
2020-02-03 16:22:44.891548,659.4856
2020-02-03 16:22:50.228694,659.4856
2020-02-03 16:22:55.577776,659.4856
2020-02-03 16:23:00.915767,659.4856
2020-02-03 16:23:06.253508,659.4856
2020-02-03 16:23:11.580664,659.4856
2020-02-03 16:23:16.917826,659.4856
2020-02-03 16:23:22.234982,659.4856
2020-02-03 16:23:27.582938,659.4856
2020-02-03 16:23:32.920080,658.4696
2020-02-03 16:23:38.247066,659.4856
2020-02-03 16:23:43.584152,659.4856
2020-02-03 16:23:48.961509,659.4856
2020-02-03 16:23:54.298505,659.4856
2020-02-03 16:23:59.645789,659.4856
2020-02-03 16:24:04.992769,659.4856
2020-02-03 16:24:10.340099,659.4856
2020-02-03 16:24:15.697224,659.4856
2020-02-03 16:24:21.054362,659.4856
2020-02-03 16:24:26.401487,659.4856
2020-02-03 16:24:31.758621,659.4856
2020-02-03 16:24:37.095810,658.4696
2020-02-03 16:24:42.423194,659.4856
2020-02-03 16:24:47.780392,659.4856
2020-02-03 16:24:53.137525,659.4856
2020-02-03 16:24:58.474672,659.4856
2020-02-03 16:25:03.811831,659.4856
2020-02-03 16:25:09.148994,659.4856
2020-02-03 16:25:14.476212,659.4856
2020-02-03 16:25:19.833339,659.4856
2020-02-03 16:25:25.160572,659.4856
2020-02-03 16:25:30.507653,659.4856
2020-02-03 16:25:35.834853,660.4
2020-02-03 16:25:41.181991,659.4856
2020-02-03 16:25:46.549120,659.4856
2020-02-03 16:25:51.866044,659.4856
2020-02-03 16:25:57.223388,660.4
2020-02-03 16:26:02.550561,659.4856
2020-02-03 16:26:07.877633,659.4856
2020-02-03 16:26:13.206752,659.4856
2020-02-03 16:26:18.544187,659.4856
2020-02-03 16:26:23.891132,659.4856
2020-02-03 16:26:29.208479,659.4856
2020-02-03 16:26:34.546333,659.4856
2020-02-03 16:26:39.893473,659.4856
2020-02-03 16:26:45.240824,659.4856
2020-02-03 16:26:50.596602,659.4856
2020-02-03 16:26:55.943733,659.4856
2020-02-03 16:27:01.270885,659.4856
2020-02-03 16:27:06.618922,659.4856
2020-02-03 16:27:11.966074,659.4856
2020-02-03 16:27:17.333206,659.4856
2020-02-03 16:27:22.671556,659.4856
2020-02-03 16:27:28.028768,659.4856
2020-02-03 16:27:33.366272,659.4856
2020-02-03 16:27:38.713427,659.4856
2020-02-03 16:27:44.080580,659.4856
2020-02-03 16:27:49.477566,659.4856
2020-02-03 16:27:54.834819,659.4856
2020-02-03 16:28:00.181885,659.4856
2020-02-03 16:28:05.549065,659.4856
2020-02-03 16:28:10.866828,659.4856
2020-02-03 16:28:16.213934,659.4856
2020-02-03 16:28:21.581099,659.4856
2020-02-03 16:28:26.959199,659.4856
2020-02-03 16:28:32.306314,659.4856
2020-02-03 16:28:37.653472,659.4856
2020-02-03 16:28:43.000596,659.4856
2020-02-03 16:28:48.338226,659.4856
2020-02-03 16:28:53.695377,659.4856
2020-02-03 16:28:59.072489,659.4856
2020-02-03 16:29:04.419901,659.4856
2020-02-03 16:29:09.777089,659.4856
2020-02-03 16:29:15.134226,659.4856
2020-02-03 16:29:20.492239,659.4856
2020-02-03 16:29:25.859322,659.4856
2020-02-03 16:29:31.216445,659.4856
2020-02-03 16:29:36.593546,659.4856
2020-02-03 16:29:41.951098,659.4856
2020-02-03 16:29:47.278313,659.4856
2020-02-03 16:29:52.625454,659.4856
2020-02-03 16:29:57.992567,659.4856
2020-02-03 16:30:03.339668,659.4856
2020-02-03 16:30:08.696861,659.4856
2020-02-03 16:30:14.035083,659.4856
2020-02-03 16:30:19.372456,659.4856
2020-02-03 16:30:24.739428,659.4856
2020-02-03 16:30:30.097119,659.4856
2020-02-03 16:30:35.424999,659.4856
2020-02-03 16:30:40.782105,659.4856
2020-02-03 16:30:46.149196,659.4856
2020-02-03 16:30:51.526162,659.4856
2020-02-03 16:30:56.883367,659.4856
2020-02-03 16:31:02.240662,659.4856
2020-02-03 16:31:07.627657,659.4856
2020-02-03 16:31:13.004903,659.4856
2020-02-03 16:31:18.362041,659.4856
2020-02-03 16:31:23.749623,659.4856
2020-02-03 16:31:29.107948,660.4
2020-02-03 16:31:34.525062,659.4856
2020-02-03 16:31:39.902200,659.4856
2020-02-03 16:31:45.269313,659.4856
2020-02-03 16:31:50.626462,659.4856
2020-02-03 16:31:56.023378,659.4856
2020-02-03 16:32:01.401558,659.4856
2020-02-03 16:32:06.778926,659.4856
2020-02-03 16:32:12.146067,659.4856
2020-02-03 16:32:17.503209,660.4
2020-02-03 16:32:22.870314,659.4856
2020-02-03 16:32:28.257749,659.4856
2020-02-03 16:32:33.624871,659.4856
2020-02-03 16:32:39.014919,659.4856
2020-02-03 16:32:44.382028,659.4856
2020-02-03 16:32:49.759170,659.4856
2020-02-03 16:32:55.146702,659.4856
2020-02-03 16:33:00.533821,659.4856
2020-02-03 16:33:05.920902,658.4696
2020-02-03 16:33:11.308655,659.4856
2020-02-03 16:33:16.675705,659.4856
2020-02-03 16:33:22.053107,659.4856
2020-02-03 16:33:27.441298,659.4856
2020-02-03 16:33:32.818420,659.4856
2020-02-03 16:33:38.205346,659.4856
2020-02-03 16:33:43.582680,659.4856
2020-02-03 16:33:48.961097,659.4856
2020-02-03 16:33:54.338223,659.4856
2020-02-03 16:33:59.715337,660.4
2020-02-03 16:34:05.102447,659.4856
2020-02-03 16:34:10.460194,659.4856
2020-02-03 16:34:15.847326,659.4856
2020-02-03 16:34:21.214388,659.4856
2020-02-03 16:34:26.601571,659.4856
2020-02-03 16:34:31.979182,659.4856
2020-02-03 16:34:37.365478,659.4856
2020-02-03 16:34:42.752609,659.4856
2020-02-03 16:34:48.129714,659.4856
2020-02-03 16:34:53.506859,659.4856
2020-02-03 16:34:58.893983,659.4856
2020-02-03 16:35:04.272976,659.4856
2020-02-03 16:35:09.650099,659.4856
2020-02-03 16:35:15.047211,658.4696
2020-02-03 16:35:20.414180,659.4856
2020-02-03 16:35:25.811458,659.4856
2020-02-03 16:35:31.188483,659.4856
2020-02-03 16:35:36.555731,659.4856
2020-02-03 16:35:41.952963,659.4856
2020-02-03 16:35:47.340068,659.4856
2020-02-03 16:35:52.717195,659.4856
2020-02-03 16:35:58.094358,658.4696
2020-02-03 16:36:03.452067,659.4856
2020-02-03 16:36:08.849177,659.4856
2020-02-03 16:36:14.216321,658.4696
2020-02-03 16:36:19.593429,659.4856
2020-02-03 16:36:24.980568,659.4856
2020-02-03 16:36:30.351754,659.4856
2020-02-03 16:36:35.748868,659.4856
2020-02-03 16:36:41.135890,659.4856
2020-02-03 16:36:46.533102,659.4856
2020-02-03 16:36:51.910238,659.4856
2020-02-03 16:36:57.297344,659.4856
2020-02-03 16:37:02.674472,659.4856
2020-02-03 16:37:08.071427,659.4856
2020-02-03 16:37:13.449061,659.4856
2020-02-03 16:37:18.826185,659.4856
2020-02-03 16:37:24.213290,659.4856
2020-02-03 16:37:29.594890,659.4856
2020-02-03 16:37:34.981976,660.4
2020-02-03 16:37:40.344452,659.4856
2020-02-03 16:37:45.731787,659.4856
2020-02-03 16:37:51.129119,659.4856
2020-02-03 16:37:56.496472,659.4856
2020-02-03 16:38:01.883566,659.4856
2020-02-03 16:38:07.280692,659.4856
2020-02-03 16:38:12.658173,659.4856
2020-02-03 16:38:18.045274,658.4696
2020-02-03 16:38:23.432411,659.4856
2020-02-03 16:38:28.802253,659.4856
2020-02-03 16:38:34.199366,659.4856
2020-02-03 16:38:39.587215,659.4856
2020-02-03 16:38:44.984328,659.4856
2020-02-03 16:38:50.381744,659.4856
2020-02-03 16:38:55.770594,659.4856
2020-02-03 16:39:01.157659,659.4856
2020-02-03 16:39:06.544833,658.4696
2020-02-03 16:39:11.911719,659.4856
2020-02-03 16:39:17.289055,659.4856
2020-02-03 16:39:22.666194,659.4856
2020-02-03 16:39:28.053264,659.4856
2020-02-03 16:39:33.430438,659.4856
2020-02-03 16:39:38.827558,659.4856
2020-02-03 16:39:44.214715,659.4856
2020-02-03 16:39:49.602274,659.4856
2020-02-03 16:39:54.999472,659.4856
2020-02-03 16:40:00.376595,659.4856
2020-02-03 16:40:05.753697,659.4856
2020-02-03 16:40:11.140835,659.4856
2020-02-03 16:40:16.527974,659.4856
2020-02-03 16:40:21.904856,659.4856
2020-02-03 16:40:27.273072,659.4856
2020-02-03 16:40:32.670097,659.4856
2020-02-03 16:40:38.027206,659.4856
2020-02-03 16:40:43.414426,659.4856
2020-02-03 16:40:48.801540,659.4856
2020-02-03 16:40:54.199270,659.4856
2020-02-03 16:40:59.586943,659.4856
2020-02-03 16:41:04.984042,659.4856
2020-02-03 16:41:10.361171,659.4856
2020-02-03 16:41:15.748301,659.4856
2020-02-03 16:41:21.135335,659.4856
2020-02-03 16:41:26.532519,659.4856
2020-02-03 16:41:31.919621,659.4856
2020-02-03 16:41:37.307231,659.4856
2020-02-03 16:41:42.674428,659.4856
2020-02-03 16:41:48.041335,659.4856
2020-02-03 16:41:53.438672,659.4856
2020-02-03 16:41:58.826190,659.4856
2020-02-03 16:42:04.213324,659.4856
2020-02-03 16:42:09.580452,659.4856
2020-02-03 16:42:14.977535,659.4856
2020-02-03 16:42:20.365430,659.4856
2020-02-03 16:42:25.752444,659.4856
2020-02-03 16:42:31.139652,659.4856
2020-02-03 16:42:36.506794,659.4856
2020-02-03 16:42:41.893918,659.4856
2020-02-03 16:42:47.291062,659.4856
2020-02-03 16:42:52.661275,659.4856
2020-02-03 16:42:58.048297,659.4856
2020-02-03 16:43:03.445368,659.4856
2020-02-03 16:43:08.822619,658.4696
2020-02-03 16:43:14.210050,659.4856
2020-02-03 16:43:19.597135,659.4856
2020-02-03 16:43:24.994282,659.4856
2020-02-03 16:43:30.381406,659.4856
2020-02-03 16:43:35.753214,659.4856
2020-02-03 16:43:41.130337,659.4856
2020-02-03 16:43:46.527450,659.4856
2020-02-03 16:43:51.904578,659.4856
2020-02-03 16:43:57.281700,659.4856
2020-02-03 16:44:02.668813,659.4856
2020-02-03 16:44:08.055870,659.4856
2020-02-03 16:44:13.452974,659.4856
2020-02-03 16:44:18.840178,659.4856
2020-02-03 16:44:24.207291,659.4856
2020-02-03 16:44:29.594412,659.4856
2020-02-03 16:44:34.991526,658.4696
2020-02-03 16:44:40.368653,659.4856
2020-02-03 16:44:45.745781,659.4856
2020-02-03 16:44:51.124204,659.4856
2020-02-03 16:44:56.521274,659.4856
2020-02-03 16:45:01.908423,659.4856
2020-02-03 16:45:07.285544,659.4856
2020-02-03 16:45:12.642481,659.4856
2020-02-03 16:45:17.989589,659.4856
2020-02-03 16:45:23.316776,659.4856
2020-02-03 16:45:28.674103,658.4696
2020-02-03 16:45:34.061275,659.4856
2020-02-03 16:45:39.448352,659.4856
2020-02-03 16:45:44.825460,659.4856
2020-02-03 16:45:50.212368,659.4856
2020-02-03 16:45:55.589702,659.4856
2020-02-03 16:46:00.977267,659.4856
2020-02-03 16:46:06.364368,659.4856
2020-02-03 16:46:11.751508,659.4856
2020-02-03 16:46:17.139511,659.4856
2020-02-03 16:46:22.536700,659.4856
2020-02-03 16:46:27.923737,659.4856
2020-02-03 16:46:33.320727,659.4856
2020-02-03 16:46:38.718032,659.4856
2020-02-03 16:46:44.115105,659.4856
2020-02-03 16:46:49.512628,658.4696
2020-02-03 16:46:54.909755,660.4
2020-02-03 16:47:00.296768,659.4856
2020-02-03 16:47:05.673793,659.4856
2020-02-03 16:47:11.071156,658.4696
2020-02-03 16:47:16.458218,659.4856
2020-02-03 16:47:21.845274,659.4856
2020-02-03 16:47:27.232473,658.4696
2020-02-03 16:47:32.629573,659.4856
2020-02-03 16:47:38.017138,659.4856
2020-02-03 16:47:43.414197,659.4856
2020-02-03 16:47:48.801310,659.4856
2020-02-03 16:47:54.188457,659.4856
2020-02-03 16:47:59.575358,658.4696
2020-02-03 16:48:04.972624,659.4856
2020-02-03 16:48:10.361675,659.4856
2020-02-03 16:48:15.758716,659.4856
2020-02-03 16:48:21.136088,659.4856
2020-02-03 16:48:26.533410,659.4856
2020-02-03 16:48:31.920529,659.4856
2020-02-03 16:48:37.317889,659.4856
2020-02-03 16:48:42.715007,659.4856
2020-02-03 16:48:48.112049,659.4856
2020-02-03 16:48:53.509218,659.4856
2020-02-03 16:48:58.896901,659.4856
2020-02-03 16:49:04.304000,659.4856
2020-02-03 16:49:09.701053,659.4856
2020-02-03 16:49:15.098252,659.4856
2020-02-03 16:49:20.495356,659.4856
2020-02-03 16:49:25.892473,659.4856
2020-02-03 16:49:31.289525,659.4856
2020-02-03 16:49:36.676636,659.4856
2020-02-03 16:49:42.074483,659.4856
2020-02-03 16:49:47.481652,659.4856
2020-02-03 16:49:52.898740,659.4856
2020-02-03 16:49:58.286453,659.4856
2020-02-03 16:50:03.673550,658.4696
2020-02-03 16:50:09.080709,659.4856
2020-02-03 16:50:14.467801,659.4856
2020-02-03 16:50:19.864920,659.4856
2020-02-03 16:50:25.262039,659.4856
2020-02-03 16:50:30.659142,659.4856
2020-02-03 16:50:36.056916,659.4856
2020-02-03 16:50:41.433997,659.4856
2020-02-03 16:50:46.842369,658.4696
2020-02-03 16:50:52.230156,659.4856
2020-02-03 16:50:57.637257,659.4856
2020-02-03 16:51:03.024146,659.4856
2020-02-03 16:51:08.411497,659.4856
2020-02-03 16:51:13.808611,659.4856
2020-02-03 16:51:19.195738,659.4856
2020-02-03 16:51:24.592852,659.4856
2020-02-03 16:51:29.989956,659.4856
2020-02-03 16:51:35.366852,659.4856
2020-02-03 16:51:40.754148,659.4856
2020-02-03 16:51:46.142198,658.4696
2020-02-03 16:51:51.539208,659.4856
2020-02-03 16:51:56.936440,659.4856
2020-02-03 16:52:02.334001,659.4856
2020-02-03 16:52:07.730917,659.4856
2020-02-03 16:52:13.128232,659.4856
2020-02-03 16:52:18.515310,659.4856
2020-02-03 16:52:23.903579,659.4856
2020-02-03 16:52:29.290705,659.4856
2020-02-03 16:52:34.677841,659.4856
2020-02-03 16:52:40.074905,659.4856
2020-02-03 16:52:45.472067,659.4856
2020-02-03 16:52:50.869185,659.4856
2020-02-03 16:52:56.269541,659.4856
2020-02-03 16:53:01.656638,659.4856
2020-02-03 16:53:07.053769,659.4856
2020-02-03 16:53:12.440677,659.4856
2020-02-03 16:53:17.828558,659.4856
2020-02-03 16:53:23.227564,659.4856
2020-02-03 16:53:28.614666,658.4696
2020-02-03 16:53:34.011780,659.4856
2020-02-03 16:53:39.419251,659.4856
2020-02-03 16:53:44.816340,659.4856
2020-02-03 16:53:50.214513,659.4856
2020-02-03 16:53:55.601655,659.4856
2020-02-03 16:54:00.998758,659.4856
2020-02-03 16:54:06.385893,658.4696
2020-02-03 16:54:11.782989,659.4856
2020-02-03 16:54:17.180107,659.4856
2020-02-03 16:54:22.577464,659.4856
2020-02-03 16:54:27.975237,659.4856
2020-02-03 16:54:33.362353,659.4856
2020-02-03 16:54:38.749486,658.4696
2020-02-03 16:54:44.136623,658.4696
2020-02-03 16:54:49.524368,660.4
2020-02-03 16:54:54.911663,659.4856
2020-02-03 16:55:00.298756,659.4856
2020-02-03 16:55:05.697594,659.4856
2020-02-03 16:55:11.095097,659.4856
2020-02-03 16:55:16.492195,659.4856
2020-02-03 16:55:21.879578,659.4856
2020-02-03 16:55:27.276637,659.4856
2020-02-03 16:55:32.673836,659.4856
2020-02-03 16:55:38.060951,659.4856
2020-02-03 16:55:43.448068,659.4856
2020-02-03 16:55:48.835184,658.4696
2020-02-03 16:55:54.222312,658.4696
2020-02-03 16:55:59.619427,659.4856
2020-02-03 16:56:05.016562,658.4696
2020-02-03 16:56:10.414355,659.4856
2020-02-03 16:56:15.801462,660.4
2020-02-03 16:56:21.198599,659.4856
2020-02-03 16:56:26.595703,659.4856
2020-02-03 16:56:31.992817,659.4856
2020-02-03 16:56:37.371224,659.4856
2020-02-03 16:56:42.758670,659.4856
2020-02-03 16:56:48.152138,659.4856
2020-02-03 16:56:53.539353,659.4856
2020-02-03 16:56:58.926432,658.4696
2020-02-03 16:57:04.323490,659.4856
2020-02-03 16:57:09.720691,659.4856
2020-02-03 16:57:15.117820,659.4856
2020-02-03 16:57:20.514930,659.4856
2020-02-03 16:57:25.912034,659.4856
2020-02-03 16:57:31.309146,659.4856
2020-02-03 16:57:36.706692,659.4856
2020-02-03 16:57:42.105392,659.4856
2020-02-03 16:57:47.502443,659.4856
2020-02-03 16:57:52.899953,659.4856
2020-02-03 16:57:58.287175,659.4856
2020-02-03 16:58:03.684364,659.4856
2020-02-03 16:58:09.081397,659.4856
2020-02-03 16:58:14.478575,659.4856
2020-02-03 16:58:19.876332,659.4856
2020-02-03 16:58:25.283492,659.4856
2020-02-03 16:58:30.680603,659.4856
2020-02-03 16:58:36.077583,659.4856
2020-02-03 16:58:41.474846,659.4856
2020-02-03 16:58:46.864853,659.4856
2020-02-03 16:58:52.292893,658.4696
2020-02-03 16:58:57.719980,659.4856
2020-02-03 16:59:03.117086,659.4856
2020-02-03 16:59:08.514157,659.4856
2020-02-03 16:59:13.911332,659.4856
2020-02-03 16:59:19.308448,659.4856
2020-02-03 16:59:24.705569,659.4856
2020-02-03 16:59:30.102651,659.4856
2020-02-03 16:59:35.490544,659.4856
2020-02-03 16:59:40.880669,659.4856
2020-02-03 16:59:46.277788,659.4856
2020-02-03 16:59:51.674735,659.4856
2020-02-03 16:59:57.082598,659.4856
2020-02-03 17:00:02.469978,659.4856
2020-02-03 17:00:07.867059,658.4696
2020-02-03 17:00:13.264993,659.4856
2020-02-03 17:00:18.662231,659.4856
2020-02-03 17:00:24.049446,659.4856
2020-02-03 17:00:29.446583,659.4856
2020-02-03 17:00:34.833754,659.4856
2020-02-03 17:00:40.220852,659.4856
2020-02-03 17:00:45.617998,659.4856
2020-02-03 17:00:51.015113,659.4856
2020-02-03 17:00:56.412217,659.4856
2020-02-03 17:01:01.809329,659.4856
2020-02-03 17:01:07.206394,659.4856
2020-02-03 17:01:12.603559,659.4856
2020-02-03 17:01:18.010677,659.4856
2020-02-03 17:01:23.417583,659.4856
2020-02-03 17:01:28.824881,659.4856
2020-02-03 17:01:34.232793,659.4856
2020-02-03 17:01:39.629859,659.4856
2020-02-03 17:01:45.027054,659.4856
2020-02-03 17:01:50.424125,659.4856
2020-02-03 17:01:55.831639,659.4856
2020-02-03 17:02:01.258723,659.4856
2020-02-03 17:02:06.655854,658.4696
2020-02-03 17:02:12.083297,658.4696
2020-02-03 17:02:17.480389,659.4856
2020-02-03 17:02:22.887462,658.4696
2020-02-03 17:02:28.284517,659.4856
2020-02-03 17:02:33.671726,659.4856
2020-02-03 17:02:39.078825,659.4856
2020-02-03 17:02:44.495849,659.4856
2020-02-03 17:02:49.893044,659.4856
2020-02-03 17:02:55.290766,659.4856
2020-02-03 17:03:00.687941,659.4856
2020-02-03 17:03:06.085066,659.4856
2020-02-03 17:03:11.492165,658.4696
2020-02-03 17:03:16.909273,659.4856
2020-02-03 17:03:22.306237,659.4856
2020-02-03 17:03:27.703497,659.4856
2020-02-03 17:03:33.100616,659.4856
2020-02-03 17:03:38.497725,658.4696
2020-02-03 17:03:43.894802,659.4856
2020-02-03 17:03:49.291854,659.4856
2020-02-03 17:03:54.689084,659.4856
2020-02-03 17:04:00.086186,658.4696
2020-02-03 17:04:05.483298,658.4696
2020-02-03 17:04:10.880842,659.4856
2020-02-03 17:04:16.288197,659.4856
2020-02-03 17:04:21.686154,659.4856
2020-02-03 17:04:27.083893,659.4856
2020-02-03 17:04:32.491013,659.4856
2020-02-03 17:04:37.888436,659.4856
2020-02-03 17:04:43.295754,659.4856
2020-02-03 17:04:48.704009,659.4856
2020-02-03 17:04:54.114594,659.4856
2020-02-03 17:04:59.511652,659.4856
2020-02-03 17:05:04.908760,659.4856
2020-02-03 17:05:10.295960,659.4856
2020-02-03 17:05:15.692908,659.4856
2020-02-03 17:05:21.090202,659.4856
2020-02-03 17:05:26.487252,659.4856
2020-02-03 17:05:31.884928,659.4856
2020-02-03 17:05:37.282841,659.4856
2020-02-03 17:05:42.681528,659.4856
2020-02-03 17:05:48.078695,659.4856
2020-02-03 17:05:53.475776,659.4856
2020-02-03 17:05:58.912857,659.4856
2020-02-03 17:06:04.299972,658.4696
2020-02-03 17:06:09.727022,659.4856
2020-02-03 17:06:15.123957,659.4856
2020-02-03 17:06:20.531296,659.4856
2020-02-03 17:06:25.928408,659.4856
2020-02-03 17:06:31.335521,659.4856
2020-02-03 17:06:36.732639,659.4856
2020-02-03 17:06:42.129763,659.4856
2020-02-03 17:06:47.526851,659.4856
2020-02-03 17:06:52.913943,659.4856
2020-02-03 17:06:58.310999,659.4856
2020-02-03 17:07:03.708213,659.4856
2020-02-03 17:07:09.105324,659.4856
2020-02-03 17:07:14.513148,659.4856
2020-02-03 17:07:19.920616,659.4856
2020-02-03 17:07:25.327822,659.4856
2020-02-03 17:07:30.725002,659.4856
2020-02-03 17:07:36.122110,658.4696
2020-02-03 17:07:41.529228,659.4856
2020-02-03 17:07:46.926317,659.4856
2020-02-03 17:07:52.333457,659.4856
2020-02-03 17:07:57.740566,659.4856
2020-02-03 17:08:03.127568,659.4856
2020-02-03 17:08:08.524797,658.4696
2020-02-03 17:08:13.921722,659.4856
2020-02-03 17:08:19.318933,659.4856
2020-02-03 17:08:24.716153,659.4856
2020-02-03 17:08:30.123246,659.4856
2020-02-03 17:08:35.520374,659.4856
2020-02-03 17:08:40.937421,659.4856
2020-02-03 17:08:46.334353,659.4856
2020-02-03 17:08:51.731710,659.4856
2020-02-03 17:08:57.128776,659.4856
2020-02-03 17:09:02.525921,659.4856
2020-02-03 17:09:07.913516,659.4856
2020-02-03 17:09:13.330404,659.4856
2020-02-03 17:09:18.727710,659.4856
2020-02-03 17:09:24.124828,659.4856
2020-02-03 17:09:29.511964,659.4856
2020-02-03 17:09:34.920265,659.4856
2020-02-03 17:09:40.327341,658.4696
2020-02-03 17:09:45.724263,659.4856
2020-02-03 17:09:51.121617,659.4856
2020-02-03 17:09:56.538723,659.4856
2020-02-03 17:10:01.915837,659.4856
2020-02-03 17:10:07.264105,659.4856
2020-02-03 17:10:12.601477,659.4856
2020-02-03 17:10:17.958632,659.4856
2020-02-03 17:10:23.295773,657.4536
2020-02-03 17:10:28.652898,659.4856
2020-02-03 17:10:34.040505,659.4856
2020-02-03 17:10:39.397587,659.4856
2020-02-03 17:10:44.734783,659.4856
2020-02-03 17:10:50.091902,659.4856
2020-02-03 17:10:55.459090,659.4856
2020-02-03 17:11:00.806156,659.4856
2020-02-03 17:11:06.143944,659.4856
2020-02-03 17:11:11.501715,659.4856
2020-02-03 17:11:16.870437,659.4856
2020-02-03 17:11:22.217576,658.4696
2020-02-03 17:11:27.585164,659.4856
2020-02-03 17:11:32.962273,659.4856
2020-02-03 17:11:38.349360,659.4856
2020-02-03 17:11:43.706480,659.4856
2020-02-03 17:11:49.023665,659.4856
2020-02-03 17:11:54.390824,659.4856
2020-02-03 17:11:59.717950,659.4856
2020-02-03 17:12:05.055445,659.4856
2020-02-03 17:12:10.383883,659.4856
2020-02-03 17:12:15.731017,659.4856
2020-02-03 17:12:21.088500,659.4856
2020-02-03 17:12:26.455794,658.4696
2020-02-03 17:12:31.816396,659.4856
2020-02-03 17:12:37.143351,659.4856
2020-02-03 17:12:42.500585,659.4856
2020-02-03 17:12:47.867833,659.4856
2020-02-03 17:12:53.235652,659.4856
2020-02-03 17:12:58.603366,659.4856
2020-02-03 17:13:03.990488,658.4696
2020-02-03 17:13:09.337640,659.4856
2020-02-03 17:13:14.704759,659.4856
2020-02-03 17:13:20.042445,659.4856
2020-02-03 17:13:25.399585,659.4856
2020-02-03 17:13:30.786695,658.4696
2020-02-03 17:13:36.133854,659.4856
2020-02-03 17:13:41.490983,659.4856
2020-02-03 17:13:46.878109,659.4856
2020-02-03 17:13:52.215241,659.4856
2020-02-03 17:13:57.542409,659.4856
2020-02-03 17:14:02.889540,658.4696
2020-02-03 17:14:08.226608,659.4856
2020-02-03 17:14:13.613800,659.4856
2020-02-03 17:14:18.960954,659.4856
2020-02-03 17:14:24.338058,659.4856
2020-02-03 17:14:29.675200,659.4856
2020-02-03 17:14:35.022358,659.4856
2020-02-03 17:14:40.399488,658.4696
2020-02-03 17:14:45.757201,659.4856
2020-02-03 17:14:51.104337,659.4856
2020-02-03 17:14:56.452896,658.4696
2020-02-03 17:15:01.810020,659.4856
2020-02-03 17:15:07.157086,659.4856
2020-02-03 17:15:12.524224,659.4856
2020-02-03 17:15:17.862826,659.4856
2020-02-03 17:15:23.229783,659.4856
2020-02-03 17:15:28.606993,658.4696
2020-02-03 17:15:33.994203,659.4856
2020-02-03 17:15:39.371327,659.4856
2020-02-03 17:15:44.748471,659.4856
2020-02-03 17:15:50.106857,659.4856
2020-02-03 17:15:55.463953,659.4856
2020-02-03 17:16:00.821401,659.4856
2020-02-03 17:16:06.188339,659.4856
2020-02-03 17:16:11.575652,659.4856
2020-02-03 17:16:16.932783,659.4856
2020-02-03 17:16:22.279737,659.4856
2020-02-03 17:16:27.627055,659.4856
2020-02-03 17:16:32.986058,659.4856
2020-02-03 17:16:38.343189,659.4856
2020-02-03 17:16:43.720313,658.4696
2020-02-03 17:16:49.087216,659.4856
2020-02-03 17:16:54.454572,659.4856
2020-02-03 17:16:59.831700,659.4856
2020-02-03 17:17:05.209599,659.4856
2020-02-03 17:17:10.586722,659.4856
2020-02-03 17:17:15.944709,658.4696
2020-02-03 17:17:21.271856,659.4856
2020-02-03 17:17:26.650442,659.4856
2020-02-03 17:17:31.997795,658.4696
2020-02-03 17:17:37.344839,658.4696
2020-02-03 17:17:42.712082,659.4856
2020-02-03 17:17:48.080258,659.4856
2020-02-03 17:17:53.447340,659.4856
2020-02-03 17:17:58.794250,659.4856
2020-02-03 17:18:04.161593,658.4696
2020-02-03 17:18:09.528739,659.4856
2020-02-03 17:18:14.885882,659.4856
2020-02-03 17:18:20.223025,659.4856
2020-02-03 17:18:25.610133,658.4696
2020-02-03 17:18:30.977230,659.4856
2020-02-03 17:18:36.364748,659.4856
2020-02-03 17:18:41.741872,659.4856
2020-02-03 17:18:47.128948,659.4856
2020-02-03 17:18:52.506130,659.4856
2020-02-03 17:18:57.874893,660.4
2020-02-03 17:19:03.232031,658.4696
2020-02-03 17:19:08.609100,658.4696
2020-02-03 17:19:13.956865,658.4696
2020-02-03 17:19:19.314728,659.4856
2020-02-03 17:19:24.671872,659.4856
2020-02-03 17:19:30.068977,659.4856
2020-02-03 17:19:35.435876,659.4856
2020-02-03 17:19:40.833230,659.4856
2020-02-03 17:19:46.192689,659.4856
2020-02-03 17:19:51.559889,659.4856
2020-02-03 17:19:56.927476,659.4856
2020-02-03 17:20:02.314674,659.4856
2020-02-03 17:20:07.671825,659.4856
2020-02-03 17:20:13.008971,659.4856
2020-02-03 17:20:18.355965,659.4856
2020-02-03 17:20:23.743229,658.4696
2020-02-03 17:20:29.071090,659.4856
2020-02-03 17:20:34.418449,659.4856
2020-02-03 17:20:39.796215,658.4696
2020-02-03 17:20:45.193635,659.4856
2020-02-03 17:20:50.590559,659.4856
2020-02-03 17:20:55.967879,658.4696
2020-02-03 17:21:01.325009,659.4856
2020-02-03 17:21:06.712132,659.4856
2020-02-03 17:21:12.089295,659.4856
2020-02-03 17:21:17.466378,658.4696
2020-02-03 17:21:22.843503,659.4856
2020-02-03 17:21:28.220632,659.4856
2020-02-03 17:21:33.587760,659.4856
2020-02-03 17:21:38.964886,659.4856
2020-02-03 17:21:44.345182,659.4856
2020-02-03 17:21:49.732395,659.4856
2020-02-03 17:21:55.099493,659.4856
2020-02-03 17:22:00.466645,659.4856
2020-02-03 17:22:05.843546,659.4856
2020-02-03 17:22:11.200914,659.4856
2020-02-03 17:22:16.598031,658.4696
2020-02-03 17:22:21.965166,659.4856
2020-02-03 17:22:27.342273,658.4696
2020-02-03 17:22:32.679416,659.4856
2020-02-03 17:22:38.026565,658.4696
2020-02-03 17:22:43.403701,659.4856
2020-02-03 17:22:48.770829,659.4856
2020-02-03 17:22:54.137958,659.4856
2020-02-03 17:22:59.515077,659.4856
2020-02-03 17:23:04.872007,658.4696
2020-02-03 17:23:10.239252,658.4696
2020-02-03 17:23:15.606270,658.4696
2020-02-03 17:23:20.973620,659.4856
2020-02-03 17:23:26.331260,659.4856
2020-02-03 17:23:31.698394,659.4856
2020-02-03 17:23:37.055544,658.4696
2020-02-03 17:23:42.422673,659.4856
2020-02-03 17:23:47.799798,658.4696
2020-02-03 17:23:53.136947,659.4856
2020-02-03 17:23:58.534049,659.4856
2020-02-03 17:24:03.911171,659.4856
2020-02-03 17:24:09.308298,659.4856
2020-02-03 17:24:14.695319,659.4856
2020-02-03 17:24:20.092531,658.4696
2020-02-03 17:24:25.459666,658.4696
2020-02-03 17:24:30.846745,659.4856
2020-02-03 17:24:36.215062,658.4696
2020-02-03 17:24:41.601984,659.4856
2020-02-03 17:24:47.000501,659.4856
2020-02-03 17:24:52.387624,659.4856
2020-02-03 17:24:57.775454,659.4856
2020-02-03 17:25:03.162983,659.4856
2020-02-03 17:25:08.540069,660.4
2020-02-03 17:25:13.927256,659.4856
2020-02-03 17:25:19.314365,659.4856
2020-02-03 17:25:24.701496,659.4856
2020-02-03 17:25:30.088539,659.4856
2020-02-03 17:25:35.465729,659.4856
2020-02-03 17:25:40.853398,659.4856
2020-02-03 17:25:46.240537,658.4696
2020-02-03 17:25:51.627557,659.4856
2020-02-03 17:25:57.024756,659.4856
2020-02-03 17:26:02.411879,659.4856
2020-02-03 17:26:07.778985,659.4856
2020-02-03 17:26:13.166529,659.4856
2020-02-03 17:26:18.553647,658.4696
2020-02-03 17:26:23.940722,659.4856
2020-02-03 17:26:29.327888,659.4856
2020-02-03 17:26:34.725639,659.4856
2020-02-03 17:26:40.102777,659.4856
2020-02-03 17:26:45.499866,658.4696
2020-02-03 17:26:50.889695,659.4856
2020-02-03 17:26:56.268548,659.4856
2020-02-03 17:27:01.646048,658.4696
2020-02-03 17:27:07.045759,659.4856
2020-02-03 17:27:12.412893,659.4856
2020-02-03 17:27:17.800010,659.4856
2020-02-03 17:27:23.168119,658.4696
2020-02-03 17:27:28.565934,659.4856
2020-02-03 17:27:33.955320,659.4856
2020-02-03 17:27:39.352493,658.4696
2020-02-03 17:27:44.749603,659.4856
2020-02-03 17:27:50.146719,658.4696
2020-02-03 17:27:55.543829,659.4856
2020-02-03 17:28:00.920938,658.4696
2020-02-03 17:28:06.307835,659.4856
2020-02-03 17:28:11.685107,659.4856
2020-02-03 17:28:17.062128,659.4856
2020-02-03 17:28:22.469870,659.4856
2020-02-03 17:28:27.857489,659.4856
2020-02-03 17:28:33.244613,659.4856
2020-02-03 17:28:38.651722,658.4696
2020-02-03 17:28:44.049904,659.4856
2020-02-03 17:28:49.438799,659.4856
2020-02-03 17:28:54.815920,658.4696
2020-02-03 17:29:00.193037,659.4856
2020-02-03 17:29:05.590148,659.4856
2020-02-03 17:29:10.967283,659.4856
2020-02-03 17:29:16.364387,659.4856
2020-02-03 17:29:21.761499,659.4856
2020-02-03 17:29:27.148614,658.4696
2020-02-03 17:29:32.545672,658.4696
2020-02-03 17:29:37.932856,658.4696
2020-02-03 17:29:43.319988,659.4856
2020-02-03 17:29:48.697112,659.4856
2020-02-03 17:29:54.084276,659.4856
2020-02-03 17:29:59.481322,658.4696
2020-02-03 17:30:04.858411,659.4856
2020-02-03 17:30:10.245591,659.4856
2020-02-03 17:30:15.643943,659.4856
2020-02-03 17:30:21.051057,659.4856
2020-02-03 17:30:26.449054,659.4856
2020-02-03 17:30:31.846156,659.4856
2020-02-03 17:30:37.233282,659.4856
2020-02-03 17:30:42.610386,659.4856
2020-02-03 17:30:48.007453,659.4856
2020-02-03 17:30:53.375129,659.4856
2020-02-03 17:30:58.762232,659.4856
2020-02-03 17:31:04.149300,659.4856
2020-02-03 17:31:09.546277,658.4696
2020-02-03 17:31:14.933587,659.4856
2020-02-03 17:31:20.310711,659.4856
2020-02-03 17:31:25.687852,659.4856
2020-02-03 17:31:31.085565,659.4856
2020-02-03 17:31:36.472987,658.4696
2020-02-03 17:31:41.840126,658.4696
2020-02-03 17:31:47.227242,659.4856
2020-02-03 17:31:52.614147,659.4856
2020-02-03 17:31:58.012880,659.4856
2020-02-03 17:32:03.400238,659.4856
2020-02-03 17:32:08.790522,659.4856
2020-02-03 17:32:14.147662,659.4856
2020-02-03 17:32:19.534779,659.4856
2020-02-03 17:32:24.922466,659.4856
2020-02-03 17:32:30.309791,659.4856
2020-02-03 17:32:35.696981,659.4856
2020-02-03 17:32:41.094119,658.4696
2020-02-03 17:32:46.491207,658.4696
2020-02-03 17:32:51.868340,659.4856
2020-02-03 17:32:57.266030,658.4696
2020-02-03 17:33:02.663086,659.4856
2020-02-03 17:33:08.050265,658.4696
2020-02-03 17:33:13.437373,658.4696
2020-02-03 17:33:18.814505,659.4856
2020-02-03 17:33:24.201613,659.4856
2020-02-03 17:33:29.598725,659.4856
2020-02-03 17:33:34.995857,659.4856
2020-02-03 17:33:40.372982,659.4856
2020-02-03 17:33:45.790082,658.4696
2020-02-03 17:33:51.187079,659.4856
2020-02-03 17:33:56.574319,659.4856
2020-02-03 17:34:01.971424,660.4
2020-02-03 17:34:07.378533,659.4856
2020-02-03 17:34:12.765652,659.4856
2020-02-03 17:34:18.152783,658.4696
2020-02-03 17:34:23.549901,658.4696
2020-02-03 17:34:28.938583,659.4856
2020-02-03 17:34:34.325895,659.4856
2020-02-03 17:34:39.713248,659.4856
2020-02-03 17:34:45.111859,659.4856
2020-02-03 17:34:50.498935,659.4856
2020-02-03 17:34:55.905875,659.4856
2020-02-03 17:35:01.292159,657.4536
2020-02-03 17:35:06.689226,658.4696
2020-02-03 17:35:12.076441,658.4696
2020-02-03 17:35:17.463530,659.4856
2020-02-03 17:35:22.850645,659.4856
2020-02-03 17:35:28.227772,659.4856
2020-02-03 17:35:33.604893,658.4696
2020-02-03 17:35:38.992026,659.4856
2020-02-03 17:35:44.389452,659.4856
2020-02-03 17:35:49.766817,659.4856
2020-02-03 17:35:55.163919,658.4696
2020-02-03 17:36:00.561036,659.4856
2020-02-03 17:36:05.938526,659.4856
2020-02-03 17:36:11.325590,659.4856
2020-02-03 17:36:16.703243,659.4856
2020-02-03 17:36:22.090424,659.4856
2020-02-03 17:36:27.477705,659.4856
2020-02-03 17:36:32.864604,659.4856
2020-02-03 17:36:38.252785,659.4856
2020-02-03 17:36:43.649900,659.4856
2020-02-03 17:36:49.046805,659.4856
2020-02-03 17:36:54.436461,659.4856
2020-02-03 17:36:59.823340,658.4696
2020-02-03 17:37:05.221464,658.4696
2020-02-03 17:37:10.608817,659.4856
2020-02-03 17:37:15.995920,658.4696
2020-02-03 17:37:21.393395,659.4856
2020-02-03 17:37:26.790410,659.4856
2020-02-03 17:37:32.167637,659.4856
2020-02-03 17:37:37.564764,659.4856
2020-02-03 17:37:42.951825,659.4856
2020-02-03 17:37:48.339008,659.4856
2020-02-03 17:37:53.736118,658.4696
2020-02-03 17:37:59.133979,659.4856
2020-02-03 17:38:04.521418,658.4696
2020-02-03 17:38:09.928441,658.4696
2020-02-03 17:38:15.316285,659.4856
2020-02-03 17:38:20.703427,658.4696
2020-02-03 17:38:26.090578,659.4856
2020-02-03 17:38:31.477649,659.4856
2020-02-03 17:38:36.865573,659.4856
2020-02-03 17:38:42.242718,658.4696
2020-02-03 17:38:47.630507,658.4696
2020-02-03 17:38:53.017898,658.4696
2020-02-03 17:38:58.405043,659.4856
2020-02-03 17:39:03.802156,659.4856
2020-02-03 17:39:09.189294,659.4856
2020-02-03 17:39:14.596400,659.4856
2020-02-03 17:39:19.993477,659.4856
2020-02-03 17:39:25.390546,659.4856
2020-02-03 17:39:30.777734,658.4696
2020-02-03 17:39:36.154859,659.4856
2020-02-03 17:39:41.541986,659.4856
2020-02-03 17:39:46.939086,659.4856
2020-02-03 17:39:52.326213,658.4696
2020-02-03 17:39:57.723270,659.4856
2020-02-03 17:40:03.120371,658.4696
2020-02-03 17:40:08.497583,658.4696
2020-02-03 17:40:13.894657,659.4856
2020-02-03 17:40:19.291713,659.4856
2020-02-03 17:40:24.678932,658.4696
2020-02-03 17:40:30.076030,659.4856
2020-02-03 17:40:35.473136,659.4856
2020-02-03 17:40:40.860282,659.4856
2020-02-03 17:40:46.247734,659.4856
2020-02-03 17:40:51.634892,659.4856
2020-02-03 17:40:57.031990,659.4856
2020-02-03 17:41:02.419035,658.4696
2020-02-03 17:41:07.816217,659.4856
2020-02-03 17:41:13.203342,659.4856
2020-02-03 17:41:18.600413,659.4856
2020-02-03 17:41:23.978491,659.4856
2020-02-03 17:41:29.373074,659.4856
2020-02-03 17:41:34.770136,658.4696
2020-02-03 17:41:40.157336,658.4696
2020-02-03 17:41:45.574431,659.4856
2020-02-03 17:41:50.962295,659.4856
2020-02-03 17:41:56.349397,659.4856
2020-02-03 17:42:01.736516,658.4696
2020-02-03 17:42:07.133962,658.4696
2020-02-03 17:42:12.520833,658.4696
2020-02-03 17:42:17.928734,659.4856
2020-02-03 17:42:23.315847,659.4856
2020-02-03 17:42:28.702941,659.4856
2020-02-03 17:42:34.100110,659.4856
2020-02-03 17:42:39.497135,659.4856
2020-02-03 17:42:44.884324,659.4856
2020-02-03 17:42:50.261450,659.4856
2020-02-03 17:42:55.659110,658.4696
2020-02-03 17:43:01.056205,659.4856
2020-02-03 17:43:06.443343,659.4856
2020-02-03 17:43:11.840413,659.4856
2020-02-03 17:43:17.227471,659.4856
2020-02-03 17:43:22.614679,658.4696
2020-02-03 17:43:28.011792,659.4856
2020-02-03 17:43:33.398874,658.4696
2020-02-03 17:43:38.786047,658.4696
2020-02-03 17:43:44.163173,659.4856
2020-02-03 17:43:49.550292,658.4696
2020-02-03 17:43:54.949059,659.4856
2020-02-03 17:44:00.346161,658.4696
2020-02-03 17:44:05.743783,659.4856
2020-02-03 17:44:11.141214,659.4856
2020-02-03 17:44:16.528297,658.4696
2020-02-03 17:44:21.915450,659.4856
2020-02-03 17:44:27.314325,658.4696
2020-02-03 17:44:32.701429,658.4696
2020-02-03 17:44:38.098595,659.4856
2020-02-03 17:44:43.485440,659.4856
2020-02-03 17:44:48.872787,659.4856
2020-02-03 17:44:54.269687,659.4856
2020-02-03 17:44:59.677014,658.4696
2020-02-03 17:45:05.074760,659.4856
2020-02-03 17:45:10.472775,659.4856
2020-02-03 17:45:15.859899,659.4856
2020-02-03 17:45:21.257306,580.0344
2020-02-03 17:45:26.644371,383.33680000000004
2020-02-03 17:45:32.051538,300.9392
2020-02-03 17:45:37.449201,174.75199999999998
2020-02-03 17:45:42.836306,88.392
2020-02-03 17:45:48.203461,18.897599999999997
2020-02-03 17:45:53.590489,13.9192
2020-02-03 17:45:58.977690,9.9568
2020-02-03 17:46:04.344817,6.908799999999999
2020-02-03 17:46:09.721938,5.9944
2020-02-03 17:46:15.109077,4.9784
2020-02-03 17:46:20.506190,4.9784
2020-02-03 17:46:25.883269,3.9623999999999997
2020-02-03 17:46:31.270421,2.9463999999999997
2020-02-03 17:46:36.667557,2.9463999999999997
2020-02-03 17:46:42.065271,2.032
2020-02-03 17:46:47.462385,2.9463999999999997
2020-02-03 17:46:52.861305,2.032
2020-02-03 17:46:58.248528,2.032
2020-02-03 17:47:03.635649,2.032
2020-02-03 17:47:09.012756,2.032
2020-02-03 17:47:14.409905,2.032
2020-02-03 17:47:19.797007,1.016
2020-02-03 17:47:25.174696,1.016
2020-02-03 17:47:30.551828,2.032
2020-02-03 17:47:35.948834,2.032
2020-02-03 17:47:41.336048,1.016
2020-02-03 17:47:46.723148,2.032
2020-02-03 17:47:52.120227,1.016
2020-02-03 17:47:57.517413,1.016
2020-02-03 17:48:02.914509,1.016
2020-02-03 17:48:08.321632,1.016
2020-02-03 17:48:13.698761,1.016
2020-02-03 17:48:19.095857,1.016
2020-02-03 17:48:24.472757,1.016
2020-02-03 17:48:29.860102,1.016
2020-02-03 17:48:35.247892,1.016
2020-02-03 17:48:40.635010,0.0
2020-02-03 17:48:46.032140,1.016
2020-02-03 17:48:51.439251,1.016
2020-02-03 17:48:56.826594,1.016
2020-02-03 17:49:02.184899,1.016
2020-02-03 17:49:07.581954,1.016
2020-02-03 17:49:12.969160,1.016
2020-02-03 17:49:18.367520,2.032
2020-02-03 17:49:23.775609,1.016
2020-02-03 17:49:29.162484,1.016
2020-02-03 17:49:34.559828,1.016
2020-02-03 17:49:39.926978,1.016
2020-02-03 17:49:45.303855,1.016
2020-02-03 17:49:50.731185,2.032
2020-02-03 17:49:56.118828,1.016
