time,Temp
2019-07-09 21:38:18.827964,230.505
2019-07-09 21:39:22.005448,230.505
2019-07-09 21:40:25.188985,230.64
2019-07-09 21:41:28.389966,230.79
2019-07-09 21:42:31.564718,230.79
2019-07-09 21:43:34.728435,231.09
2019-07-09 21:44:37.924398,231.09
2019-07-09 21:45:41.118269,231.225
2019-07-09 21:46:44.330788,231.375
2019-07-09 21:47:47.516287,231.375
2019-07-09 21:48:50.681832,231.525
2019-07-09 21:49:53.859316,231.525
2019-07-09 21:50:57.068247,231.675
2019-07-09 21:52:00.253836,231.825
2019-07-09 21:53:03.463146,231.96
2019-07-09 21:54:06.671081,231.96
2019-07-09 21:55:09.875496,232.11
2019-07-09 21:56:13.064494,232.26
2019-07-09 21:57:16.257426,232.26
2019-07-09 21:58:19.458549,232.41
2019-07-09 21:59:22.640754,232.54500000000002
2019-07-09 22:00:25.852678,232.54500000000002
2019-07-09 22:01:29.144413,232.695
2019-07-09 22:02:32.444075,232.845
2019-07-09 22:03:35.739181,232.995
2019-07-09 22:04:39.023258,233.145
2019-07-09 22:05:42.304483,233.145
2019-07-09 22:06:45.576264,233.28
2019-07-09 22:07:48.869178,233.43
2019-07-09 22:08:52.141454,233.43
2019-07-09 22:09:55.430904,233.58
2019-07-09 22:10:58.739575,233.73000000000002
2019-07-09 22:12:02.008314,233.73000000000002
2019-07-09 22:13:05.314948,233.865
2019-07-09 22:14:08.650971,233.865
2019-07-09 22:15:11.951892,234.01500000000001
2019-07-09 22:16:15.279412,234.16500000000002
2019-07-09 22:17:18.566111,234.315
2019-07-09 22:18:21.874144,234.315
2019-07-09 22:19:25.193786,234.45
2019-07-09 22:20:28.507471,234.6
2019-07-09 22:21:31.832466,234.6
2019-07-09 22:22:35.154230,234.75
2019-07-09 22:23:38.466363,234.89999999999998
2019-07-09 22:24:41.782356,234.89999999999998
2019-07-09 22:25:45.072819,235.04999999999998
2019-07-09 22:26:48.401282,235.04999999999998
2019-07-09 22:27:51.728170,235.33499999999998
2019-07-09 22:28:55.021880,235.33499999999998
2019-07-09 22:29:58.327368,235.33499999999998
2019-07-09 22:31:01.661963,235.48499999999999
2019-07-09 22:32:04.983597,235.635
2019-07-09 22:33:08.301719,235.635
2019-07-09 22:34:11.590672,235.76999999999998
2019-07-09 22:35:14.907315,235.92
2019-07-09 22:36:18.219071,235.92
2019-07-09 22:37:21.519735,236.22
2019-07-09 22:38:24.827436,236.22
2019-07-09 22:39:28.128149,236.37
2019-07-09 22:40:31.420994,236.505
2019-07-09 22:41:34.716429,236.505
2019-07-09 22:42:38.032541,236.505
2019-07-09 22:43:41.329424,236.655
2019-07-09 22:44:44.630195,236.805
2019-07-09 22:45:47.923595,236.95499999999998
2019-07-09 22:46:51.207398,236.95499999999998
2019-07-09 22:47:54.503096,237.09
2019-07-09 22:48:57.825887,237.24
2019-07-09 22:50:01.130272,237.24
2019-07-09 22:51:04.420512,237.39
2019-07-09 22:52:07.743194,237.39
2019-07-09 22:53:11.056821,237.54
2019-07-09 22:54:14.381484,237.69
2019-07-09 22:55:17.685542,237.825
2019-07-09 22:56:21.010958,237.825
2019-07-09 22:57:24.309248,237.975
2019-07-09 22:58:27.616680,237.975
2019-07-09 22:59:30.916103,238.125
2019-07-09 23:00:34.240937,238.275
2019-07-09 23:01:37.658038,238.275
2019-07-09 23:02:41.051021,238.41
2019-07-09 23:03:44.447416,238.56
2019-07-09 23:04:47.853848,238.71
2019-07-09 23:05:51.260374,238.71
2019-07-09 23:06:54.681676,238.71
2019-07-09 23:07:58.116525,238.86
2019-07-09 23:09:01.549524,239.01
2019-07-09 23:10:04.977111,239.145
2019-07-09 23:11:08.387908,239.145
2019-07-09 23:12:11.786662,239.29500000000002
2019-07-09 23:13:15.228871,239.445
2019-07-09 23:14:18.637591,239.445
2019-07-09 23:15:22.073306,239.595
2019-07-09 23:16:25.506992,239.595
2019-07-09 23:17:28.924365,239.73
2019-07-09 23:18:32.366359,239.88
2019-07-09 23:19:35.793728,239.88
2019-07-09 23:20:39.221155,240.03
2019-07-09 23:21:42.630543,240.18
2019-07-09 23:22:46.058287,240.32999999999998
2019-07-09 23:23:49.494820,240.32999999999998
2019-07-09 23:24:52.933141,240.465
2019-07-09 23:25:56.361218,240.465
2019-07-09 23:26:59.778011,240.615
2019-07-09 23:28:03.201181,240.765
2019-07-09 23:29:06.642834,240.915
2019-07-09 23:30:10.080684,240.765
2019-07-09 23:31:13.512386,240.915
2019-07-09 23:32:16.926795,241.05
2019-07-09 23:33:20.421402,241.2
2019-07-09 23:34:23.892818,241.35
2019-07-09 23:35:27.360031,241.35
2019-07-09 23:36:30.798400,241.5
2019-07-09 23:37:34.244669,241.5
2019-07-09 23:38:37.679603,241.635
2019-07-09 23:39:41.110946,241.635
2019-07-09 23:40:44.519037,241.785
2019-07-09 23:41:47.957353,241.935
2019-07-09 23:42:51.420604,241.935
2019-07-09 23:43:54.842495,242.085
2019-07-09 23:44:58.294746,242.235
2019-07-09 23:46:01.728101,242.235
2019-07-09 23:47:05.144291,242.37
2019-07-09 23:48:08.558244,242.37
2019-07-09 23:49:12.009056,242.52
2019-07-09 23:50:15.449333,242.52
2019-07-09 23:51:18.914613,242.67000000000002
2019-07-09 23:52:22.374476,242.67000000000002
2019-07-09 23:53:25.804060,242.82
2019-07-09 23:54:29.246068,242.955
2019-07-09 23:55:32.106964,242.955
2019-07-09 23:56:34.960845,243.10500000000002
2019-07-09 23:57:37.821240,243.255
2019-07-09 23:58:40.662797,243.255
2019-07-09 23:59:43.512980,243.405
2019-07-10 00:00:46.374862,243.555
2019-07-10 00:01:49.219898,243.69
2019-07-10 00:02:52.068805,243.69
2019-07-10 00:03:54.923193,243.84
2019-07-10 00:04:57.779182,243.84
2019-07-10 00:06:00.649773,243.99
2019-07-10 00:07:03.502052,243.99
2019-07-10 00:08:06.353938,244.14000000000001
2019-07-10 00:09:09.188893,244.27499999999998
2019-07-10 00:10:12.060829,244.27499999999998
2019-07-10 00:11:14.953928,244.42499999999998
2019-07-10 00:12:17.835954,244.42499999999998
2019-07-10 00:13:20.698826,244.575
2019-07-10 00:14:23.566821,244.725
2019-07-10 00:15:26.426685,244.725
2019-07-10 00:16:29.286297,244.725
2019-07-10 00:17:32.151371,244.875
2019-07-10 00:18:35.003851,245.01
2019-07-10 00:19:37.854832,245.01
2019-07-10 00:20:40.702433,245.16
2019-07-10 00:21:43.564063,245.31
2019-07-10 00:22:46.430287,245.46
2019-07-10 00:23:49.280179,245.46
2019-07-10 00:24:52.134131,245.46
2019-07-10 00:25:55.023968,245.595
2019-07-10 00:26:57.958632,245.745
2019-07-10 00:28:00.826299,245.745
2019-07-10 00:29:03.703367,245.89499999999998
2019-07-10 00:30:06.577166,245.89499999999998
2019-07-10 00:31:09.433019,246.045
2019-07-10 00:32:12.286619,246.195
2019-07-10 00:33:15.150082,246.195
2019-07-10 00:34:17.994667,246.32999999999998
2019-07-10 00:35:20.856121,246.32999999999998
2019-07-10 00:36:23.713200,246.48
2019-07-10 00:37:26.569708,246.63
2019-07-10 00:38:29.439236,246.63
2019-07-10 00:39:32.293341,246.78
2019-07-10 00:40:35.148269,246.78
2019-07-10 00:41:38.007157,246.915
2019-07-10 00:42:40.877623,246.915
2019-07-10 00:43:43.755247,247.065
2019-07-10 00:44:46.617336,247.215
2019-07-10 00:45:49.470210,247.215
2019-07-10 00:46:52.341675,247.365
2019-07-10 00:47:55.215503,247.365
2019-07-10 00:48:58.115260,247.5
2019-07-10 00:50:01.124937,247.65
2019-07-10 00:51:04.139355,247.65
2019-07-10 00:52:07.129584,247.8
2019-07-10 00:53:10.117142,247.8
2019-07-10 00:54:13.118003,247.95
2019-07-10 00:55:16.108921,247.95
2019-07-10 00:56:19.122429,248.1
2019-07-10 00:57:22.105699,248.1
2019-07-10 00:58:25.117913,248.235
2019-07-10 00:59:28.089754,248.385
2019-07-10 01:00:31.060321,248.385
2019-07-10 01:01:34.049908,248.535
2019-07-10 01:02:37.059369,248.535
2019-07-10 01:03:40.029660,248.685
2019-07-10 01:04:43.070025,248.685
2019-07-10 01:05:46.096701,248.82
2019-07-10 01:06:49.163922,248.82
2019-07-10 01:07:52.228024,248.97
2019-07-10 01:08:55.289539,249.12
2019-07-10 01:09:58.240277,249.12
2019-07-10 01:11:01.205028,249.27
2019-07-10 01:12:04.182275,249.27
2019-07-10 01:13:07.160544,249.42
2019-07-10 01:14:10.139651,249.42
2019-07-10 01:15:13.097282,249.70499999999998
2019-07-10 01:16:16.054949,249.555
2019-07-10 01:17:19.024966,249.70499999999998
2019-07-10 01:18:22.015325,249.855
2019-07-10 01:19:25.003843,249.855
2019-07-10 01:20:27.989869,250.005
2019-07-10 01:21:30.972859,250.005
2019-07-10 01:22:33.995288,250.14
2019-07-10 01:23:36.973823,250.29
2019-07-10 01:24:39.966689,250.14
2019-07-10 01:25:42.942559,250.29
2019-07-10 01:26:45.912093,250.44
2019-07-10 01:27:48.905797,250.59
2019-07-10 01:28:51.874477,250.74
2019-07-10 01:29:54.858355,250.74
2019-07-10 01:30:57.849383,250.74
2019-07-10 01:32:00.822936,250.875
2019-07-10 01:33:03.809942,250.875
2019-07-10 01:34:06.797751,251.025
2019-07-10 01:35:09.778289,251.175
2019-07-10 01:36:12.755857,251.175
2019-07-10 01:37:15.736700,251.325
2019-07-10 01:38:18.724812,251.325
2019-07-10 01:39:21.707751,251.46
2019-07-10 01:40:24.755111,251.61
2019-07-10 01:41:27.759213,251.61
2019-07-10 01:42:30.733943,251.76
2019-07-10 01:43:33.715805,251.76
2019-07-10 01:44:36.687647,251.91
2019-07-10 01:45:39.655910,251.91
2019-07-10 01:46:42.631593,251.91
2019-07-10 01:47:45.630433,252.06
2019-07-10 01:48:48.648051,252.06
2019-07-10 01:49:51.626453,252.195
2019-07-10 01:50:54.600014,252.345
2019-07-10 01:51:57.589530,252.345
2019-07-10 01:53:00.594681,252.345
2019-07-10 01:54:03.609730,252.645
2019-07-10 01:55:06.611501,252.645
2019-07-10 01:56:09.630938,252.645
2019-07-10 01:57:12.636437,252.78
2019-07-10 01:58:15.625236,252.78
2019-07-10 01:59:18.627240,252.93
2019-07-10 02:00:21.672671,253.08
2019-07-10 02:01:24.675134,253.08
2019-07-10 02:02:27.666560,253.08
2019-07-10 02:03:30.664022,253.23000000000002
2019-07-10 02:04:33.657013,253.23000000000002
2019-07-10 02:05:36.665141,253.365
2019-07-10 02:06:39.652781,253.365
2019-07-10 02:07:42.650819,253.51500000000001
2019-07-10 02:08:45.638342,253.51500000000001
2019-07-10 02:09:48.631700,253.66500000000002
2019-07-10 02:10:51.648790,253.815
2019-07-10 02:11:54.645833,253.815
2019-07-10 02:12:57.636057,253.815
2019-07-10 02:14:00.689453,253.965
2019-07-10 02:15:03.703640,254.1
2019-07-10 02:16:06.736403,254.1
2019-07-10 02:17:09.751721,254.25
2019-07-10 02:18:12.779670,254.25
2019-07-10 02:19:15.813105,254.4
2019-07-10 02:20:18.825115,254.4
2019-07-10 02:21:21.832671,254.54999999999998
2019-07-10 02:22:24.868694,254.54999999999998
2019-07-10 02:23:27.888230,254.685
2019-07-10 02:24:30.901682,254.685
2019-07-10 02:25:33.963861,254.835
2019-07-10 02:26:36.963229,254.835
2019-07-10 02:27:39.963749,254.98499999999999
2019-07-10 02:28:42.964159,254.98499999999999
2019-07-10 02:29:45.962267,254.98499999999999
2019-07-10 02:30:48.970735,255.135
2019-07-10 02:31:51.990592,255.285
2019-07-10 02:32:55.028288,255.285
2019-07-10 02:33:58.038962,255.42
2019-07-10 02:35:01.050882,255.42
2019-07-10 02:36:04.051527,255.42
2019-07-10 02:37:07.063983,255.57
2019-07-10 02:38:10.060481,255.72
2019-07-10 02:39:13.058983,255.72
2019-07-10 02:40:16.062463,255.87
2019-07-10 02:41:19.134189,255.87
2019-07-10 02:42:22.146594,256.005
2019-07-10 02:43:25.163576,256.005
2019-07-10 02:44:28.189996,256.155
2019-07-10 02:45:31.224440,256.155
2019-07-10 02:46:34.234620,256.155
2019-07-10 02:47:37.257321,256.305
2019-07-10 02:48:40.263488,256.455
2019-07-10 02:49:43.368673,256.455
2019-07-10 02:50:46.480892,256.455
2019-07-10 02:51:49.591087,256.605
2019-07-10 02:52:52.712266,256.605
2019-07-10 02:53:55.844053,256.74
2019-07-10 02:54:58.965256,256.74
2019-07-10 02:56:02.094338,256.89
2019-07-10 02:57:05.227435,256.89
2019-07-10 02:58:08.342616,256.89
2019-07-10 02:59:11.477745,257.04
2019-07-10 03:00:14.599833,257.19
2019-07-10 03:01:17.696188,257.19
2019-07-10 03:02:20.820301,257.325
2019-07-10 03:03:23.950225,257.325
2019-07-10 03:04:27.090256,257.475
2019-07-10 03:05:30.233336,257.475
2019-07-10 03:06:33.400389,257.625
2019-07-10 03:07:36.563734,257.625
2019-07-10 03:08:39.687306,257.775
2019-07-10 03:09:42.799571,257.925
2019-07-10 03:10:45.932390,257.775
2019-07-10 03:11:49.075536,257.925
2019-07-10 03:12:52.199141,257.925
2019-07-10 03:13:55.319347,258.06
2019-07-10 03:14:58.422144,258.21000000000004
2019-07-10 03:16:01.538654,258.21000000000004
2019-07-10 03:17:04.643836,258.36
2019-07-10 03:18:07.755888,258.36
2019-07-10 03:19:10.878333,258.36
2019-07-10 03:20:14.023426,258.51
2019-07-10 03:21:17.154059,258.51
2019-07-10 03:22:20.298056,258.51
2019-07-10 03:23:23.425528,258.645
2019-07-10 03:24:26.548681,258.645
2019-07-10 03:25:29.710640,258.795
2019-07-10 03:26:32.846014,258.795
2019-07-10 03:27:35.978927,258.945
2019-07-10 03:28:39.130524,258.945
2019-07-10 03:29:42.282608,259.09499999999997
2019-07-10 03:30:45.428915,259.09499999999997
2019-07-10 03:31:48.562588,259.245
2019-07-10 03:32:51.727168,259.38
2019-07-10 03:33:54.917007,259.38
2019-07-10 03:34:58.046026,259.38
2019-07-10 03:36:01.184219,259.53
2019-07-10 03:37:04.310599,259.53
2019-07-10 03:38:07.442799,259.53
2019-07-10 03:39:10.574492,259.68
2019-07-10 03:40:13.703659,259.68
2019-07-10 03:41:16.839929,259.83
2019-07-10 03:42:19.978060,259.83
2019-07-10 03:43:23.143077,259.965
2019-07-10 03:44:26.310545,259.965
2019-07-10 03:45:29.446111,260.115
2019-07-10 03:46:32.579263,260.115
2019-07-10 03:47:35.730374,260.115
2019-07-10 03:48:38.869489,260.265
2019-07-10 03:49:42.045548,260.265
2019-07-10 03:50:45.255448,260.415
2019-07-10 03:51:48.436729,260.415
2019-07-10 03:52:51.712518,260.55
2019-07-10 03:53:54.812998,260.55
2019-07-10 03:54:57.922209,260.7
2019-07-10 03:56:01.024422,260.7
2019-07-10 03:57:04.134863,260.85
2019-07-10 03:58:07.279936,260.85
2019-07-10 03:59:10.369388,260.85
2019-07-10 04:00:13.486564,261.0
2019-07-10 04:01:16.555902,261.0
2019-07-10 04:02:19.661223,261.15
2019-07-10 04:03:22.761712,261.15
2019-07-10 04:04:25.849971,261.285
2019-07-10 04:05:28.925259,261.285
2019-07-10 04:06:32.043192,261.285
2019-07-10 04:07:35.135562,261.435
2019-07-10 04:08:38.232956,261.435
2019-07-10 04:09:41.332238,261.435
2019-07-10 04:10:44.454167,261.585
2019-07-10 04:11:47.547427,261.585
2019-07-10 04:12:50.649298,261.735
2019-07-10 04:13:53.723551,261.735
2019-07-10 04:14:56.808130,261.87
2019-07-10 04:15:59.886284,261.87
2019-07-10 04:17:02.989163,262.02
2019-07-10 04:18:06.086925,262.02
2019-07-10 04:19:09.227548,262.02
2019-07-10 04:20:12.323817,262.17
2019-07-10 04:21:15.423037,262.17
2019-07-10 04:22:18.526400,262.32
2019-07-10 04:23:21.629220,262.32
2019-07-10 04:24:24.716404,262.32
2019-07-10 04:25:27.819591,262.47
2019-07-10 04:26:30.934806,262.47
2019-07-10 04:27:34.053283,262.605
2019-07-10 04:28:37.164535,262.605
2019-07-10 04:29:40.291753,262.605
2019-07-10 04:30:43.403971,262.755
2019-07-10 04:31:46.543471,262.755
2019-07-10 04:32:49.696578,262.90500000000003
2019-07-10 04:33:52.816807,262.90500000000003
2019-07-10 04:34:55.918518,263.055
2019-07-10 04:35:59.036289,263.055
2019-07-10 04:37:02.163554,263.19
2019-07-10 04:38:05.285893,263.055
2019-07-10 04:39:08.393239,263.19
2019-07-10 04:40:11.498846,263.34000000000003
2019-07-10 04:41:14.600536,263.34000000000003
2019-07-10 04:42:17.714618,263.34000000000003
2019-07-10 04:43:20.851315,263.49
2019-07-10 04:44:23.970389,263.49
2019-07-10 04:45:27.081582,263.49
2019-07-10 04:46:30.195818,263.64
2019-07-10 04:47:33.331975,263.64
2019-07-10 04:48:36.450823,263.79
2019-07-10 04:49:39.651466,263.79
2019-07-10 04:50:42.885352,263.925
2019-07-10 04:51:46.095260,263.925
2019-07-10 04:52:49.323139,264.075
2019-07-10 04:53:52.562987,264.075
2019-07-10 04:54:55.779305,264.075
2019-07-10 04:55:58.995385,264.225
2019-07-10 04:57:02.248228,264.225
2019-07-10 04:58:05.556871,264.225
2019-07-10 04:59:08.858580,264.375
2019-07-10 05:00:12.071859,264.375
2019-07-10 05:01:15.287900,264.375
2019-07-10 05:02:18.515470,264.51
2019-07-10 05:03:21.744569,264.51
2019-07-10 05:04:25.004096,264.65999999999997
2019-07-10 05:05:28.317721,264.65999999999997
2019-07-10 05:06:31.548819,264.65999999999997
2019-07-10 05:07:34.760635,264.81
2019-07-10 05:08:37.992537,264.81
2019-07-10 05:09:41.208088,264.96
2019-07-10 05:10:44.448483,264.96
2019-07-10 05:11:47.690220,264.96
2019-07-10 05:12:50.919660,265.11
2019-07-10 05:13:54.130318,265.11
2019-07-10 05:14:57.378111,265.11
2019-07-10 05:16:00.599264,265.245
2019-07-10 05:17:03.833149,265.395
2019-07-10 05:18:07.071651,265.245
2019-07-10 05:19:10.307890,265.395
2019-07-10 05:20:13.543748,265.395
2019-07-10 05:21:16.796878,265.545
2019-07-10 05:22:20.054525,265.545
2019-07-10 05:23:23.296247,265.545
2019-07-10 05:24:26.530409,265.545
2019-07-10 05:25:29.784622,265.695
2019-07-10 05:26:33.051730,265.695
2019-07-10 05:27:36.272101,265.83
2019-07-10 05:28:39.495154,265.83
2019-07-10 05:29:42.715544,265.83
2019-07-10 05:30:45.967331,266.13
2019-07-10 05:31:49.203385,265.98
2019-07-10 05:32:52.483127,266.13
2019-07-10 05:33:55.727192,266.13
2019-07-10 05:34:58.953077,266.28
2019-07-10 05:36:02.191048,266.28
2019-07-10 05:37:05.441841,266.28
2019-07-10 05:38:08.686566,266.28
2019-07-10 05:39:11.926816,266.415
2019-07-10 05:40:15.158658,266.565
2019-07-10 05:41:18.427462,266.565
2019-07-10 05:42:21.683262,266.565
2019-07-10 05:43:24.934081,266.565
2019-07-10 05:44:28.179918,266.865
2019-07-10 05:45:31.420783,266.71500000000003
2019-07-10 05:46:34.665619,266.865
2019-07-10 05:47:37.908481,266.865
2019-07-10 05:48:41.133765,266.865
2019-07-10 05:49:44.386920,267.015
2019-07-10 05:50:47.636336,267.015
2019-07-10 05:51:50.900154,267.015
2019-07-10 05:52:54.165909,267.15
2019-07-10 05:53:57.421233,267.15
2019-07-10 05:55:00.725355,267.15
2019-07-10 05:56:04.014099,267.3
2019-07-10 05:57:07.299819,267.3
2019-07-10 05:58:10.573019,267.3
2019-07-10 05:59:13.846807,267.45
2019-07-10 06:00:17.101606,267.45
2019-07-10 06:01:20.380504,267.6
2019-07-10 06:02:23.662779,267.6
2019-07-10 06:03:26.934057,267.735
2019-07-10 06:04:30.233790,267.735
2019-07-10 06:05:33.500242,267.735
2019-07-10 06:06:36.767044,267.885
2019-07-10 06:07:40.060149,267.885
2019-07-10 06:08:43.329929,267.885
2019-07-10 06:09:46.602122,267.885
2019-07-10 06:10:49.860717,268.035
2019-07-10 06:11:53.141476,268.035
2019-07-10 06:12:56.472108,268.185
2019-07-10 06:13:59.747999,268.185
2019-07-10 06:15:03.018764,268.185
2019-07-10 06:16:06.313364,268.185
2019-07-10 06:17:09.585160,268.33500000000004
2019-07-10 06:18:12.855467,268.33500000000004
2019-07-10 06:19:16.129634,268.33500000000004
2019-07-10 06:20:19.389428,268.46999999999997
2019-07-10 06:21:22.637390,268.46999999999997
2019-07-10 06:22:25.918399,268.62
2019-07-10 06:23:29.192900,268.46999999999997
2019-07-10 06:24:32.446635,268.62
2019-07-10 06:25:35.731166,268.62
2019-07-10 06:26:39.021868,268.62
2019-07-10 06:27:42.315462,268.77
2019-07-10 06:28:45.604785,268.77
2019-07-10 06:29:48.901588,268.77
2019-07-10 06:30:52.160373,268.92
2019-07-10 06:31:55.420166,268.92
2019-07-10 06:32:59.127766,269.055
2019-07-10 06:34:02.548443,269.055
2019-07-10 06:35:05.826924,269.205
2019-07-10 06:36:09.102113,269.205
2019-07-10 06:37:12.396148,269.205
2019-07-10 06:38:15.695835,269.205
2019-07-10 06:39:18.995319,269.355
2019-07-10 06:40:22.259127,269.355
2019-07-10 06:41:25.532098,269.355
2019-07-10 06:42:28.839068,269.505
2019-07-10 06:43:32.166561,269.505
2019-07-10 06:44:35.428353,269.655
2019-07-10 06:45:38.700152,269.655
2019-07-10 06:46:41.979495,269.655
2019-07-10 06:47:45.275014,269.655
2019-07-10 06:48:48.578646,269.79
2019-07-10 06:49:51.967102,269.79
2019-07-10 06:50:55.348906,269.79
2019-07-10 06:51:58.728310,269.94
2019-07-10 06:53:02.106794,269.94
2019-07-10 06:54:05.470284,269.94
2019-07-10 06:55:08.853822,269.94
2019-07-10 06:56:12.248237,270.09
2019-07-10 06:57:15.633034,270.09
2019-07-10 06:58:19.022515,270.09
2019-07-10 06:59:22.403952,270.24
2019-07-10 07:00:25.792429,270.24
2019-07-10 07:01:29.175379,270.375
2019-07-10 07:02:32.580808,270.375
2019-07-10 07:03:35.971257,270.375
2019-07-10 07:04:39.340034,270.375
2019-07-10 07:05:42.725900,270.375
2019-07-10 07:06:46.112068,270.525
2019-07-10 07:07:49.476495,270.525
2019-07-10 07:08:52.862129,270.675
2019-07-10 07:09:56.242196,270.675
2019-07-10 07:10:59.611084,270.675
2019-07-10 07:12:03.006131,270.825
2019-07-10 07:13:06.382241,270.825
2019-07-10 07:14:09.781019,270.825
2019-07-10 07:15:13.146146,270.975
2019-07-10 07:16:16.552569,270.975
2019-07-10 07:17:19.919478,270.975
2019-07-10 07:18:23.301917,271.11
2019-07-10 07:19:26.685408,271.11
2019-07-10 07:20:30.069877,271.11
2019-07-10 07:21:33.477264,271.11
2019-07-10 07:22:36.851751,271.26
2019-07-10 07:23:40.228214,271.26
2019-07-10 07:24:43.624191,271.26
2019-07-10 07:25:47.043608,271.41
2019-07-10 07:26:50.421157,271.41
2019-07-10 07:27:53.804621,271.41
2019-07-10 07:28:57.190470,271.56
2019-07-10 07:30:00.567371,271.56
2019-07-10 07:31:03.957175,271.56
2019-07-10 07:32:07.343086,271.56
2019-07-10 07:33:10.738956,271.695
2019-07-10 07:34:14.135225,271.695
2019-07-10 07:35:17.533621,271.695
2019-07-10 07:36:20.920387,271.845
2019-07-10 07:37:24.322663,271.845
2019-07-10 07:38:27.723211,271.845
2019-07-10 07:39:31.159548,271.995
2019-07-10 07:40:34.587877,271.995
2019-07-10 07:41:38.002258,271.995
2019-07-10 07:42:41.434875,271.995
2019-07-10 07:43:44.825110,272.145
2019-07-10 07:44:48.292932,272.145
2019-07-10 07:45:51.727829,272.145
2019-07-10 07:46:55.146331,272.145
2019-07-10 07:47:58.550771,272.28000000000003
2019-07-10 07:49:01.949469,272.28000000000003
2019-07-10 07:50:05.352110,272.28000000000003
2019-07-10 07:51:08.764279,272.43
2019-07-10 07:52:12.151622,272.43
2019-07-10 07:53:15.558446,272.58
2019-07-10 07:54:18.934729,272.58
2019-07-10 07:55:22.314479,272.58
2019-07-10 07:56:25.717910,272.58
2019-07-10 07:57:29.123315,272.58
2019-07-10 07:58:32.554631,272.73
2019-07-10 07:59:35.960068,272.73
2019-07-10 08:00:39.374417,272.73
2019-07-10 08:01:42.784486,272.88
2019-07-10 08:02:46.197111,272.88
2019-07-10 08:03:49.600988,272.88
2019-07-10 08:04:52.995886,272.88
2019-07-10 08:05:56.392921,272.88
2019-07-10 08:06:59.801285,273.015
2019-07-10 08:08:03.209350,273.165
2019-07-10 08:09:06.612646,273.015
2019-07-10 08:10:09.996498,273.165
2019-07-10 08:11:13.410956,273.165
2019-07-10 08:12:16.828518,273.165
2019-07-10 08:13:20.265848,273.315
2019-07-10 08:14:23.675007,273.315
2019-07-10 08:15:27.068795,273.315
2019-07-10 08:16:30.505293,273.315
2019-07-10 08:17:33.957599,273.315
2019-07-10 08:18:37.387000,273.46500000000003
2019-07-10 08:19:40.843066,273.46500000000003
2019-07-10 08:20:44.281294,273.6
2019-07-10 08:21:47.718495,273.6
2019-07-10 08:22:51.163456,273.6
2019-07-10 08:23:54.582477,273.6
2019-07-10 08:24:58.028108,273.75
2019-07-10 08:26:01.446779,273.75
2019-07-10 08:27:04.864424,273.75
2019-07-10 08:28:08.299434,273.75
2019-07-10 08:29:11.744742,273.9
2019-07-10 08:30:15.188026,273.9
2019-07-10 08:31:18.613041,273.9
2019-07-10 08:32:22.040608,273.9
2019-07-10 08:33:25.483142,274.05
2019-07-10 08:34:28.897523,274.05
2019-07-10 08:35:32.322990,274.05
2019-07-10 08:36:35.770318,274.05
2019-07-10 08:37:39.227642,274.2
2019-07-10 08:38:42.668936,274.2
2019-07-10 08:39:46.109100,274.2
2019-07-10 08:40:49.614797,274.2
2019-07-10 08:41:53.089345,274.335
2019-07-10 08:42:56.503459,274.335
2019-07-10 08:43:59.931527,274.335
2019-07-10 08:45:03.345750,274.485
2019-07-10 08:46:06.752983,274.485
2019-07-10 08:47:10.178375,274.485
2019-07-10 08:48:13.602295,274.635
2019-07-10 08:49:17.120564,274.635
2019-07-10 08:50:20.630331,274.635
2019-07-10 08:51:24.150602,274.78499999999997
2019-07-10 08:52:27.670701,274.635
2019-07-10 08:53:31.194248,274.78499999999997
2019-07-10 08:54:34.714993,274.78499999999997
2019-07-10 08:55:38.254829,274.78499999999997
2019-07-10 08:56:41.763985,274.92
2019-07-10 08:57:45.306412,274.92
2019-07-10 08:58:48.844596,274.92
2019-07-10 08:59:52.362700,274.92
2019-07-10 09:00:55.904338,274.92
2019-07-10 09:01:59.471381,274.92
2019-07-10 09:03:03.007424,275.07
2019-07-10 09:04:06.536413,275.07
2019-07-10 09:05:10.104813,275.07
2019-07-10 09:06:13.648187,275.22
2019-07-10 09:07:17.361441,275.22
2019-07-10 09:08:21.095174,275.22
2019-07-10 09:09:24.833715,275.22
2019-07-10 09:10:28.619353,275.37
2019-07-10 09:11:32.539859,275.37
2019-07-10 09:12:36.292727,275.37
2019-07-10 09:13:39.958098,275.37
2019-07-10 09:14:43.614852,275.52
2019-07-10 09:15:47.249624,275.52
2019-07-10 09:16:50.860431,275.52
2019-07-10 09:17:54.546087,275.52
2019-07-10 09:18:58.324514,275.52
2019-07-10 09:20:01.979429,275.655
2019-07-10 09:21:05.670079,275.655
2019-07-10 09:22:09.392637,275.655
2019-07-10 09:23:13.043386,275.655
2019-07-10 09:24:16.666261,275.805
2019-07-10 09:25:20.207507,275.805
2019-07-10 09:26:23.739575,275.955
2019-07-10 09:27:27.288906,275.805
2019-07-10 09:28:30.809630,275.955
2019-07-10 09:29:34.348529,275.805
2019-07-10 09:30:37.896262,275.955
2019-07-10 09:31:41.437618,276.105
2019-07-10 09:32:45.015589,276.105
2019-07-10 09:33:48.563590,276.105
2019-07-10 09:34:52.095690,276.105
2019-07-10 09:35:55.667616,276.105
2019-07-10 09:36:59.231071,276.24
2019-07-10 09:38:02.787820,276.24
2019-07-10 09:39:06.505604,276.24
2019-07-10 09:40:10.121058,276.24
2019-07-10 09:41:13.659108,276.39
2019-07-10 09:42:17.219132,276.39
2019-07-10 09:43:20.763509,276.39
2019-07-10 09:44:24.390766,276.39
2019-07-10 09:45:27.907882,276.54
2019-07-10 09:46:31.436901,276.54
2019-07-10 09:47:34.966281,276.54
2019-07-10 09:48:38.569272,276.54
2019-07-10 09:49:42.092421,276.54
2019-07-10 09:50:45.634506,276.69
2019-07-10 09:51:49.159716,276.69
2019-07-10 09:52:52.881676,276.69
2019-07-10 09:53:56.733977,276.69
2019-07-10 09:55:00.367722,276.69
2019-07-10 09:56:04.004594,276.69
2019-07-10 09:57:07.625055,276.84000000000003
2019-07-10 09:58:11.270817,276.84000000000003
2019-07-10 09:59:14.915194,276.84000000000003
2019-07-10 10:00:18.557939,276.84000000000003
2019-07-10 10:01:22.204030,276.975
2019-07-10 10:02:25.848548,276.975
2019-07-10 10:03:29.537195,276.975
2019-07-10 10:04:33.207915,276.975
2019-07-10 10:05:36.866380,276.975
2019-07-10 10:06:40.484475,277.125
2019-07-10 10:07:44.127976,277.125
2019-07-10 10:08:47.756323,277.125
2019-07-10 10:09:51.408062,277.125
2019-07-10 10:10:55.046866,277.275
2019-07-10 10:11:58.687425,277.275
2019-07-10 10:13:02.320708,277.275
2019-07-10 10:14:05.953256,277.275
2019-07-10 10:15:09.590011,277.275
2019-07-10 10:16:13.225801,277.425
2019-07-10 10:17:16.887550,277.425
2019-07-10 10:18:20.529298,277.425
2019-07-10 10:19:24.204007,277.425
2019-07-10 10:20:27.846688,277.56
2019-07-10 10:21:31.470015,277.56
2019-07-10 10:22:35.208854,277.56
2019-07-10 10:23:38.854022,277.71000000000004
2019-07-10 10:24:42.566385,277.56
2019-07-10 10:25:46.191224,277.56
2019-07-10 10:26:49.819300,277.71000000000004
2019-07-10 10:27:53.445288,277.71000000000004
2019-07-10 10:28:57.075822,277.71000000000004
2019-07-10 10:30:00.693830,277.86
2019-07-10 10:31:04.338398,277.86
2019-07-10 10:32:07.993136,277.71000000000004
2019-07-10 10:33:11.664660,277.86
2019-07-10 10:34:15.285860,277.86
2019-07-10 10:35:18.911421,278.01
2019-07-10 10:36:22.552952,278.01
2019-07-10 10:37:26.170146,277.86
2019-07-10 10:38:29.819898,278.01
2019-07-10 10:39:33.438515,278.01
2019-07-10 10:40:37.068572,278.145
2019-07-10 10:41:40.709220,278.145
2019-07-10 10:42:44.354988,278.145
2019-07-10 10:43:48.014921,278.145
2019-07-10 10:44:51.653695,278.145
2019-07-10 10:45:55.312422,278.295
2019-07-10 10:46:58.950398,278.295
2019-07-10 10:48:02.636927,278.295
2019-07-10 10:49:06.292162,278.295
2019-07-10 10:50:10.063803,278.295
2019-07-10 10:51:13.834205,278.445
2019-07-10 10:52:17.558182,278.445
2019-07-10 10:53:21.314584,278.445
2019-07-10 10:54:25.040126,278.445
2019-07-10 10:55:28.385466,278.445
2019-07-10 10:56:31.750938,278.59499999999997
2019-07-10 10:57:35.111703,278.445
2019-07-10 10:58:38.479209,278.59499999999997
2019-07-10 10:59:41.842751,278.59499999999997
2019-07-10 11:00:45.210234,278.59499999999997
2019-07-10 11:01:48.617657,278.745
2019-07-10 11:02:52.100830,278.745
2019-07-10 11:03:55.573058,278.745
2019-07-10 11:04:59.017423,278.745
2019-07-10 11:06:02.482190,278.745
2019-07-10 11:07:05.944443,278.745
2019-07-10 11:08:09.415686,278.88
2019-07-10 11:09:12.866647,278.88
2019-07-10 11:10:16.231016,278.88
2019-07-10 11:11:19.600584,278.88
2019-07-10 11:12:22.957541,278.88
2019-07-10 11:13:26.340407,279.03
2019-07-10 11:14:29.777762,279.03
2019-07-10 11:15:33.223976,279.03
2019-07-10 11:16:36.600460,279.03
2019-07-10 11:17:39.975967,279.03
2019-07-10 11:18:43.337467,279.03
2019-07-10 11:19:46.698086,279.18
2019-07-10 11:20:50.074064,279.18
2019-07-10 11:21:53.436771,279.18
2019-07-10 11:22:56.832536,279.18
2019-07-10 11:24:00.185396,279.18
2019-07-10 11:25:03.551701,279.33
2019-07-10 11:26:06.928188,279.33
2019-07-10 11:27:10.316570,279.33
2019-07-10 11:28:13.755632,279.33
2019-07-10 11:29:17.111368,279.33
2019-07-10 11:30:20.472222,279.33
2019-07-10 11:31:23.902757,279.465
2019-07-10 11:32:27.379618,279.465
2019-07-10 11:33:30.797300,279.465
2019-07-10 11:34:34.181211,279.615
2019-07-10 11:35:37.642723,279.615
2019-07-10 11:36:41.128765,279.615
2019-07-10 11:37:44.540212,279.615
2019-07-10 11:38:47.915627,279.615
2019-07-10 11:39:51.309306,279.615
2019-07-10 11:40:54.714314,279.615
2019-07-10 11:41:58.081965,279.765
2019-07-10 11:43:01.479854,279.765
2019-07-10 11:44:04.857699,279.765
2019-07-10 11:45:08.252897,279.765
2019-07-10 11:46:11.654516,279.765
2019-07-10 11:47:15.041702,279.915
2019-07-10 11:48:18.414774,279.915
2019-07-10 11:49:21.807542,279.915
2019-07-10 11:50:25.218433,279.915
2019-07-10 11:51:28.595795,280.065
2019-07-10 11:52:31.989864,279.915
2019-07-10 11:53:35.393164,280.065
2019-07-10 11:54:38.789588,280.065
2019-07-10 11:55:42.224197,280.065
2019-07-10 11:56:45.670761,280.065
2019-07-10 11:57:49.082688,280.065
2019-07-10 11:58:52.590210,280.065
2019-07-10 11:59:55.997641,280.2
2019-07-10 12:00:59.366711,280.2
2019-07-10 12:02:02.749830,280.2
2019-07-10 12:03:06.144513,280.2
2019-07-10 12:04:09.573796,280.2
2019-07-10 12:05:13.004388,280.35
2019-07-10 12:06:16.424700,280.35
2019-07-10 12:07:19.830691,280.35
2019-07-10 12:08:23.371854,280.35
2019-07-10 12:09:26.892062,280.35
2019-07-10 12:10:30.266515,280.5
2019-07-10 12:11:33.620557,280.35
2019-07-10 12:12:36.976943,280.5
2019-07-10 12:13:40.340511,280.5
2019-07-10 12:14:43.693360,280.5
2019-07-10 12:15:47.070067,280.65
2019-07-10 12:16:50.563981,280.5
2019-07-10 12:17:54.033237,280.5
2019-07-10 12:18:57.452584,280.65
2019-07-10 12:20:00.894912,280.65
2019-07-10 12:21:04.352157,280.65
2019-07-10 12:22:07.767558,280.65
2019-07-10 12:23:11.240760,280.785
2019-07-10 12:24:14.667109,280.785
2019-07-10 12:25:18.114404,280.785
2019-07-10 12:26:21.553740,280.785
2019-07-10 12:27:24.995027,280.785
2019-07-10 12:28:28.469281,280.935
2019-07-10 12:29:31.932500,280.785
2019-07-10 12:30:35.327931,280.935
2019-07-10 12:31:38.664520,280.785
2019-07-10 12:32:42.014076,280.935
2019-07-10 12:33:45.379690,280.935
2019-07-10 12:34:48.736800,281.085
2019-07-10 12:35:52.102299,281.085
2019-07-10 12:36:55.482750,281.085
2019-07-10 12:37:58.866214,281.085
2019-07-10 12:39:02.237743,281.085
2019-07-10 12:40:05.585271,281.085
2019-07-10 12:41:08.945797,281.235
2019-07-10 12:42:12.288500,281.085
2019-07-10 12:43:15.662989,281.085
2019-07-10 12:44:19.008555,281.235
2019-07-10 12:45:22.349134,281.235
2019-07-10 12:46:25.679755,281.385
2019-07-10 12:47:29.029329,281.235
2019-07-10 12:48:32.446734,281.235
2019-07-10 12:49:35.836151,281.235
2019-07-10 12:50:39.191721,281.235
2019-07-10 12:51:42.540246,281.385
2019-07-10 12:52:45.932686,281.385
2019-07-10 12:53:49.278283,281.385
2019-07-10 12:54:52.638778,281.385
2019-07-10 12:55:55.989363,281.52
2019-07-10 12:56:59.364815,281.52
2019-07-10 12:58:02.736311,281.52
2019-07-10 12:59:06.098831,281.52
2019-07-10 13:00:09.486285,281.52
2019-07-10 13:01:12.949534,281.67
2019-07-10 13:02:16.430737,281.52
2019-07-10 13:03:19.920949,281.67
2019-07-10 13:04:23.408103,281.67
2019-07-10 13:05:26.885317,281.67
2019-07-10 13:06:30.427357,281.82
2019-07-10 13:07:33.916597,281.67
2019-07-10 13:08:37.382375,281.82
2019-07-10 13:09:40.846962,281.67
2019-07-10 13:10:44.301268,281.82
2019-07-10 13:11:47.737558,281.82
2019-07-10 13:12:51.222751,281.82
2019-07-10 13:13:54.680018,281.82
2019-07-10 13:14:58.133295,281.82
2019-07-10 13:16:01.574603,281.97
2019-07-10 13:17:05.042842,281.82
2019-07-10 13:18:08.520055,281.97
2019-07-10 13:19:11.963358,281.97
2019-07-10 13:20:15.397686,282.105
2019-07-10 13:21:18.852958,281.97
2019-07-10 13:22:22.310224,281.97
2019-07-10 13:23:25.780456,282.105
2019-07-10 13:24:29.244705,281.97
2019-07-10 13:25:32.691998,282.105
2019-07-10 13:26:36.143281,282.105
2019-07-10 13:27:39.590574,282.105
2019-07-10 13:28:43.062800,282.105
2019-07-10 13:29:46.500120,282.105
2019-07-10 13:30:49.979328,282.255
2019-07-10 13:31:53.440627,282.255
2019-07-10 13:32:56.948790,282.255
2019-07-10 13:34:00.436962,282.255
2019-07-10 13:35:03.943099,282.255
2019-07-10 13:36:07.431261,282.255
2019-07-10 13:37:10.939392,282.255
2019-07-10 13:38:14.436551,282.40500000000003
2019-07-10 13:39:17.937733,282.40500000000003
2019-07-10 13:40:21.447133,282.40500000000003
2019-07-10 13:41:24.897418,282.40500000000003
2019-07-10 13:42:28.373633,282.40500000000003
2019-07-10 13:43:31.845893,282.555
2019-07-10 13:44:35.313133,282.555
2019-07-10 13:45:38.785148,282.555
2019-07-10 13:46:42.253390,282.555
2019-07-10 13:47:45.725605,282.555
2019-07-10 13:48:49.205790,282.555
2019-07-10 13:49:52.673029,282.555
2019-07-10 13:50:56.129332,282.555
2019-07-10 13:51:59.594545,282.705
2019-07-10 13:53:03.070761,282.555
2019-07-10 13:54:06.589862,282.705
2019-07-10 13:55:10.106962,282.555
2019-07-10 13:56:13.701833,282.705
2019-07-10 13:57:17.280773,282.705
2019-07-10 13:58:20.860733,282.705
2019-07-10 13:59:24.436661,282.705
2019-07-10 14:00:28.026573,282.84000000000003
2019-07-10 14:01:31.642417,282.84000000000003
2019-07-10 14:02:35.221390,282.84000000000003
2019-07-10 14:03:38.824267,282.84000000000003
2019-07-10 14:04:42.422157,282.99
2019-07-10 14:05:45.943769,282.84000000000003
2019-07-10 14:06:49.415964,282.84000000000003
2019-07-10 14:07:52.939078,282.84000000000003
2019-07-10 14:08:56.437244,282.99
2019-07-10 14:09:59.962333,282.99
2019-07-10 14:11:03.499387,282.99
2019-07-10 14:12:07.006553,282.99
2019-07-10 14:13:10.537589,282.99
2019-07-10 14:14:14.033785,283.14
2019-07-10 14:15:17.557840,283.14
2019-07-10 14:16:21.058990,283.14
2019-07-10 14:17:24.550165,283.14
2019-07-10 14:18:28.069301,283.14
2019-07-10 14:19:31.554459,282.99
2019-07-10 14:20:35.083248,283.14
2019-07-10 14:21:38.578379,283.14
2019-07-10 14:22:42.079561,283.14
2019-07-10 14:23:45.567745,283.14
2019-07-10 14:24:49.049912,283.28999999999996
2019-07-10 14:25:52.588966,283.28999999999996
2019-07-10 14:26:56.120056,283.28999999999996
2019-07-10 14:27:59.612198,283.28999999999996
2019-07-10 14:29:03.097422,283.425
2019-07-10 14:30:06.597541,283.425
2019-07-10 14:31:10.092707,283.28999999999996
2019-07-10 14:32:13.585877,283.425
2019-07-10 14:33:17.071070,283.425
2019-07-10 14:34:20.548283,283.425
2019-07-10 14:35:24.067384,283.425
2019-07-10 14:36:27.546592,283.425
2019-07-10 14:37:31.037778,283.575
2019-07-10 14:38:34.525930,283.575
2019-07-10 14:39:37.995202,283.425
2019-07-10 14:40:41.491359,283.425
2019-07-10 14:41:44.996465,283.575
2019-07-10 14:42:48.524550,283.575
2019-07-10 14:43:52.138399,283.575
2019-07-10 14:44:55.757233,283.575
2019-07-10 14:45:59.385042,283.575
2019-07-10 14:47:02.992908,283.725
2019-07-10 14:48:06.648641,283.575
2019-07-10 14:49:10.253525,283.575
2019-07-10 14:50:13.871384,283.575
2019-07-10 14:51:17.491215,283.725
2019-07-10 14:52:21.087112,283.725
2019-07-10 14:53:24.689955,283.725
2019-07-10 14:54:28.331728,283.725
2019-07-10 14:55:31.975509,283.725
2019-07-10 14:56:35.647189,283.875
2019-07-10 14:57:39.307945,283.875
2019-07-10 14:58:42.949686,283.875
2019-07-10 14:59:46.572510,283.725
2019-07-10 15:00:50.207303,283.875
2019-07-10 15:01:53.847079,283.875
2019-07-10 15:02:57.587589,283.875
2019-07-10 15:04:01.219423,283.875
2019-07-10 15:05:04.871138,283.875
2019-07-10 15:06:08.493959,283.875
2019-07-10 15:07:12.111829,284.025
2019-07-10 15:08:15.795457,284.025
2019-07-10 15:09:19.443214,284.025
2019-07-10 15:10:23.059055,284.025
2019-07-10 15:11:26.721806,284.025
2019-07-10 15:12:30.319664,284.025
2019-07-10 15:13:33.955486,284.025
2019-07-10 15:14:37.566309,284.025
2019-07-10 15:15:41.196275,284.15999999999997
2019-07-10 15:16:44.723355,284.15999999999997
2019-07-10 15:17:48.248440,284.025
2019-07-10 15:18:51.749621,284.15999999999997
2019-07-10 15:19:55.248744,284.15999999999997
2019-07-10 15:20:58.743936,284.15999999999997
2019-07-10 15:22:02.248050,284.15999999999997
2019-07-10 15:23:05.783110,284.15999999999997
2019-07-10 15:24:09.286254,284.15999999999997
2019-07-10 15:25:12.784444,284.31
2019-07-10 15:26:16.314494,284.31
2019-07-10 15:27:19.847831,284.31
2019-07-10 15:28:23.359952,284.31
2019-07-10 15:29:26.887907,284.31
2019-07-10 15:30:30.389058,284.31
2019-07-10 15:31:33.968527,284.31
2019-07-10 15:32:37.623232,284.31
2019-07-10 15:33:41.251063,284.46
2019-07-10 15:34:44.892871,284.46
2019-07-10 15:35:48.512168,284.46
2019-07-10 15:36:52.024320,284.46
2019-07-10 15:37:55.544385,284.46
2019-07-10 15:38:59.078446,284.46
2019-07-10 15:40:02.604531,284.46
2019-07-10 15:41:06.133606,284.61
2019-07-10 15:42:09.666717,284.46
2019-07-10 15:43:13.248200,284.46
2019-07-10 15:44:16.779251,284.61
2019-07-10 15:45:20.355166,284.61
2019-07-10 15:46:23.953081,284.61
2019-07-10 15:47:27.575916,284.61
2019-07-10 15:48:31.194765,284.61
2019-07-10 15:49:34.908731,284.61
2019-07-10 15:50:38.508584,284.745
2019-07-10 15:51:42.260064,284.745
2019-07-10 15:52:45.902833,284.61
2019-07-10 15:53:49.557594,284.745
2019-07-10 15:54:53.183388,284.745
2019-07-10 15:55:56.818201,284.745
2019-07-10 15:57:00.467953,284.745
2019-07-10 15:58:04.131667,284.745
2019-07-10 15:59:07.773441,284.745
2019-07-10 16:00:11.439129,284.745
2019-07-10 16:01:15.209557,284.745
2019-07-10 16:02:18.945080,284.895
2019-07-10 16:03:22.720495,284.895
2019-07-10 16:04:26.439064,284.895
2019-07-10 16:05:30.178575,284.745
2019-07-10 16:06:33.944017,284.895
2019-07-10 16:07:37.708472,284.895
2019-07-10 16:08:41.464928,284.895
2019-07-10 16:09:45.195464,284.895
2019-07-10 16:10:48.936971,285.045
2019-07-10 16:11:52.683463,284.895
2019-07-10 16:12:56.445913,285.045
2019-07-10 16:14:00.191410,285.045
2019-07-10 16:15:03.929924,285.045
2019-07-10 16:16:07.684406,285.045
2019-07-10 16:17:11.450835,285.045
2019-07-10 16:18:15.231238,285.045
2019-07-10 16:19:18.986707,285.045
2019-07-10 16:20:22.764116,285.045
2019-07-10 16:21:26.513603,285.045
2019-07-10 16:22:30.286026,285.045
2019-07-10 16:23:34.109334,285.045
2019-07-10 16:24:37.880739,285.195
2019-07-10 16:25:41.642235,285.195
2019-07-10 16:26:45.402691,285.195
2019-07-10 16:27:49.177109,285.195
2019-07-10 16:28:52.952525,285.195
2019-07-10 16:29:56.696026,285.195
2019-07-10 16:31:00.493383,285.195
2019-07-10 16:32:04.304702,285.33
2019-07-10 16:33:08.087121,285.195
2019-07-10 16:34:11.886472,285.195
2019-07-10 16:35:15.679840,285.33
2019-07-10 16:36:19.429325,285.33
2019-07-10 16:37:23.186767,285.195
2019-07-10 16:38:27.004071,285.33
2019-07-10 16:39:30.780485,285.33
2019-07-10 16:40:34.560886,285.33
2019-07-10 16:41:38.357246,285.195
2019-07-10 16:42:42.103739,285.33
2019-07-10 16:43:45.891123,285.48
2019-07-10 16:44:49.729370,285.33
2019-07-10 16:45:53.532711,285.48
2019-07-10 16:46:57.325082,285.33
2019-07-10 16:48:01.087532,285.48
2019-07-10 16:49:04.866959,285.48
2019-07-10 16:50:08.645345,285.48
2019-07-10 16:51:12.421758,285.48
2019-07-10 16:52:16.225099,285.48
2019-07-10 16:53:20.185021,285.48
2019-07-10 16:54:24.221738,285.48
2019-07-10 16:55:28.055000,285.48
2019-07-10 16:56:31.831411,285.48
2019-07-10 16:57:35.635750,285.63
2019-07-10 16:58:39.423133,285.63
2019-07-10 16:59:43.210517,285.63
2019-07-10 17:00:46.990941,285.63
2019-07-10 17:01:50.810218,285.63
2019-07-10 17:02:54.557708,285.63
2019-07-10 17:03:58.337113,285.63
2019-07-10 17:05:02.121505,285.63
2019-07-10 17:06:05.912899,285.63
2019-07-10 17:07:09.728200,285.63
2019-07-10 17:08:13.520558,285.63
2019-07-10 17:09:17.317914,285.78
2019-07-10 17:10:21.111282,285.78
2019-07-10 17:11:24.887728,285.78
2019-07-10 17:12:28.693030,285.78
2019-07-10 17:13:32.541274,285.78
2019-07-10 17:14:36.380497,285.78
2019-07-10 17:15:40.169874,285.78
2019-07-10 17:16:43.962245,285.78
2019-07-10 17:17:47.756632,285.78
2019-07-10 17:18:51.529033,285.78
2019-07-10 17:19:55.336365,285.93
2019-07-10 17:20:59.136714,285.78
2019-07-10 17:22:02.939056,285.93
2019-07-10 17:23:06.757357,285.78
2019-07-10 17:24:10.567680,285.93
2019-07-10 17:25:14.386978,285.93
2019-07-10 17:26:18.167123,285.93
2019-07-10 17:27:21.917606,285.93
2019-07-10 17:28:25.766824,285.93
2019-07-10 17:29:29.574154,285.93
2019-07-10 17:30:33.377495,285.93
2019-07-10 17:31:37.170862,285.93
2019-07-10 17:32:40.987168,286.065
2019-07-10 17:33:44.810457,286.065
2019-07-10 17:34:48.580885,286.065
2019-07-10 17:35:52.372258,286.065
2019-07-10 17:36:56.156650,286.065
2019-07-10 17:37:59.907153,285.93
2019-07-10 17:39:03.700501,286.065
2019-07-10 17:40:07.442006,286.065
2019-07-10 17:41:11.232407,286.065
2019-07-10 17:42:14.995850,286.065
2019-07-10 17:43:18.783214,286.065
2019-07-10 17:44:22.555638,286.065
2019-07-10 17:45:26.316092,286.065
2019-07-10 17:46:30.104473,286.065
2019-07-10 17:47:33.874903,286.21500000000003
2019-07-10 17:48:37.651316,286.065
2019-07-10 17:49:41.431719,286.21500000000003
2019-07-10 17:50:45.216110,286.21500000000003
2019-07-10 17:51:49.000501,286.21500000000003
2019-07-10 17:52:52.783895,286.21500000000003
2019-07-10 17:53:56.577263,286.21500000000003
2019-07-10 17:55:00.356689,286.21500000000003
2019-07-10 17:56:04.152030,286.365
2019-07-10 17:57:07.938416,286.21500000000003
2019-07-10 17:58:11.722808,286.21500000000003
2019-07-10 17:59:15.485260,286.21500000000003
2019-07-10 18:00:19.304559,286.365
2019-07-10 18:01:23.117872,286.365
2019-07-10 18:02:26.911240,286.365
2019-07-10 18:03:30.742505,286.365
2019-07-10 18:04:34.565794,286.365
2019-07-10 18:05:38.395064,286.365
2019-07-10 18:06:42.241291,286.365
2019-07-10 18:07:46.056599,286.365
2019-07-10 18:08:49.870911,286.365
2019-07-10 18:09:53.653309,286.365
2019-07-10 18:10:57.453657,286.515
2019-07-10 18:12:01.240044,286.365
2019-07-10 18:13:05.041411,286.515
2019-07-10 18:14:08.855701,286.365
2019-07-10 18:15:12.689960,286.365
2019-07-10 18:16:16.511253,286.515
2019-07-10 18:17:20.319580,286.65
2019-07-10 18:18:24.145862,286.515
2019-07-10 18:19:27.968172,286.515
2019-07-10 18:20:31.758527,286.515
2019-07-10 18:21:35.565857,286.515
2019-07-10 18:22:39.384157,286.515
2019-07-10 18:23:43.207446,286.515
2019-07-10 18:24:47.008804,286.65
2019-07-10 18:25:50.838064,286.515
2019-07-10 18:26:54.671346,286.65
2019-07-10 18:27:58.492618,286.515
2019-07-10 18:29:02.322887,286.65
2019-07-10 18:30:06.142207,286.65
2019-07-10 18:31:09.931562,286.65
2019-07-10 18:32:13.745874,286.65
2019-07-10 18:33:17.644959,286.515
2019-07-10 18:34:21.477246,286.65
2019-07-10 18:35:25.335430,286.65
2019-07-10 18:36:29.163691,286.65
2019-07-10 18:37:33.017896,286.8
2019-07-10 18:38:36.858139,286.65
2019-07-10 18:39:40.735296,286.8
2019-07-10 18:40:44.633369,286.8
2019-07-10 18:41:48.488573,286.8
2019-07-10 18:42:52.327816,286.65
2019-07-10 18:43:56.196983,286.8
2019-07-10 18:45:00.063179,286.8
2019-07-10 18:46:03.921350,286.8
2019-07-10 18:47:07.805474,286.8
2019-07-10 18:48:11.683615,286.65
2019-07-10 18:49:15.560759,286.8
2019-07-10 18:50:19.449869,286.8
2019-07-10 18:51:23.306069,286.8
2019-07-10 18:52:27.172243,286.8
2019-07-10 18:53:31.065344,286.95
2019-07-10 18:54:34.945478,286.8
2019-07-10 18:55:38.834591,286.95
2019-07-10 18:56:42.723703,286.8
2019-07-10 18:57:46.590872,286.95
2019-07-10 18:58:50.464026,286.8
2019-07-10 18:59:54.286317,286.95
2019-07-10 19:00:58.140543,286.95
2019-07-10 19:02:02.069527,287.1
2019-07-10 19:03:06.016484,286.95
2019-07-10 19:04:09.948089,286.95
2019-07-10 19:05:13.897020,286.95
2019-07-10 19:06:17.870904,286.95
2019-07-10 19:07:21.865733,286.95
2019-07-10 19:08:25.848594,286.95
2019-07-10 19:09:29.870350,286.95
2019-07-10 19:10:33.835259,287.1
2019-07-10 19:11:37.877960,287.1
2019-07-10 19:12:41.890741,287.1
2019-07-10 19:13:45.879586,287.1
2019-07-10 19:14:49.857481,287.1
2019-07-10 19:15:53.811398,287.1
2019-07-10 19:16:57.809691,287.1
2019-07-10 19:18:01.860367,287.1
2019-07-10 19:19:05.900104,286.95
2019-07-10 19:20:09.949780,287.1
2019-07-10 19:21:14.039356,287.1
2019-07-10 19:22:18.134914,287.1
2019-07-10 19:23:22.156672,287.1
2019-07-10 19:24:26.179426,287.1
2019-07-10 19:25:30.242051,287.1
2019-07-10 19:26:34.300710,287.1
2019-07-10 19:27:38.370338,287.1
2019-07-10 19:28:42.472879,287.25
2019-07-10 19:29:46.578411,287.25
2019-07-10 19:30:50.667987,287.1
2019-07-10 19:31:54.701711,287.1
2019-07-10 19:32:58.753410,287.25
2019-07-10 19:34:02.768163,287.25
2019-07-10 19:35:06.802918,287.25
2019-07-10 19:36:10.856578,287.25
2019-07-10 19:37:14.878314,287.25
2019-07-10 19:38:18.914034,287.25
2019-07-10 19:39:22.923844,287.25
2019-07-10 19:40:26.978512,287.25
2019-07-10 19:41:31.025181,287.25
2019-07-10 19:42:35.135737,287.25
2019-07-10 19:43:39.164461,287.25
2019-07-10 19:44:43.199163,287.25
2019-07-10 19:45:47.230913,287.385
2019-07-10 19:46:51.276605,287.385
2019-07-10 19:47:55.356185,287.385
2019-07-10 19:48:59.375948,287.385
2019-07-10 19:50:03.411667,287.385
2019-07-10 19:51:07.455365,287.385
2019-07-10 19:52:11.498066,287.385
2019-07-10 19:53:15.545753,287.385
2019-07-10 19:54:19.561526,287.385
2019-07-10 19:55:23.596270,287.385
2019-07-10 19:56:27.647926,287.535
2019-07-10 19:57:31.672696,287.535
2019-07-10 19:58:35.725347,287.385
2019-07-10 19:59:39.773058,287.385
2019-07-10 20:00:43.825709,287.385
2019-07-10 20:01:47.904313,287.535
2019-07-10 20:02:51.954994,287.385
2019-07-10 20:03:55.994702,287.535
2019-07-10 20:05:00.034410,287.535
2019-07-10 20:06:04.088103,287.385
2019-07-10 20:07:08.139760,287.535
2019-07-10 20:08:12.187446,287.535
2019-07-10 20:09:16.220173,287.535
2019-07-10 20:10:20.260881,287.535
2019-07-10 20:11:24.291635,287.535
2019-07-10 20:12:28.378218,287.535
2019-07-10 20:13:32.471761,287.535
2019-07-10 20:14:36.532413,287.535
2019-07-10 20:15:40.601044,287.535
2019-07-10 20:16:44.631777,287.535
2019-07-10 20:17:48.732324,287.535
2019-07-10 20:18:52.697277,287.685
2019-07-10 20:19:56.680116,287.685
2019-07-10 20:21:00.667965,287.535
2019-07-10 20:22:04.665785,287.685
2019-07-10 20:23:08.641665,287.685
2019-07-10 20:24:12.596599,287.685
2019-07-10 20:25:16.542582,287.685
2019-07-10 20:26:20.547362,287.685
2019-07-10 20:27:24.539199,287.685
2019-07-10 20:28:28.520064,287.685
2019-07-10 20:29:32.505938,287.685
2019-07-10 20:30:36.530666,287.83500000000004
2019-07-10 20:31:40.534470,287.685
2019-07-10 20:32:44.532291,287.83500000000004
2019-07-10 20:33:48.518144,287.83500000000004
2019-07-10 20:34:52.515966,287.685
2019-07-10 20:35:56.499568,287.685
2019-07-10 20:37:00.460487,287.83500000000004
2019-07-10 20:38:04.473268,287.83500000000004
2019-07-10 20:39:08.466102,287.685
2019-07-10 20:40:12.462927,287.83500000000004
2019-07-10 20:41:16.454784,287.685
2019-07-10 20:42:20.419673,287.83500000000004
2019-07-10 20:43:24.382587,287.83500000000004
2019-07-10 20:44:28.349512,287.83500000000004
2019-07-10 20:45:32.340330,287.83500000000004
2019-07-10 20:46:36.354107,287.83500000000004
2019-07-10 20:47:40.405784,287.83500000000004
2019-07-10 20:48:44.384655,287.83500000000004
2019-07-10 20:49:48.418380,287.83500000000004
2019-07-10 20:50:52.406228,287.96999999999997
2019-07-10 20:51:56.412027,287.83500000000004
2019-07-10 20:53:00.393912,287.83500000000004
2019-07-10 20:54:04.413652,287.83500000000004
2019-07-10 20:55:08.398529,287.96999999999997
2019-07-10 20:56:12.408296,287.83500000000004
2019-07-10 20:57:16.425067,287.83500000000004
2019-07-10 20:58:20.413912,287.83500000000004
2019-07-10 20:59:24.411732,287.96999999999997
2019-07-10 21:00:28.417531,287.96999999999997
2019-07-10 21:01:32.407395,287.96999999999997
2019-07-10 21:02:36.409417,287.83500000000004
2019-07-10 21:03:40.407260,287.96999999999997
2019-07-10 21:04:44.411043,287.96999999999997
2019-07-10 21:05:48.410858,287.96999999999997
2019-07-10 21:06:52.404689,287.96999999999997
2019-07-10 21:07:56.414480,287.96999999999997
2019-07-10 21:09:00.429260,287.96999999999997
2019-07-10 21:10:04.418099,287.96999999999997
2019-07-10 21:11:08.415919,287.96999999999997
2019-07-10 21:12:12.415736,287.96999999999997
2019-07-10 21:13:16.460431,287.96999999999997
2019-07-10 21:14:20.470219,287.96999999999997
2019-07-10 21:15:24.456078,287.96999999999997
2019-07-10 21:16:28.478834,288.12
2019-07-10 21:17:32.539486,287.96999999999997
2019-07-10 21:18:36.543311,287.96999999999997
2019-07-10 21:19:40.548093,288.12
2019-07-10 21:20:44.537935,288.12
2019-07-10 21:21:48.562684,287.96999999999997
2019-07-10 21:22:52.546542,287.96999999999997
2019-07-10 21:23:56.534390,287.96999999999997
2019-07-10 21:25:00.538194,288.12
2019-07-10 21:26:04.542020,288.12
2019-07-10 21:27:08.588690,288.12
2019-07-10 21:28:12.610446,288.12
2019-07-10 21:29:16.611259,288.12
2019-07-10 21:30:20.604101,288.12
2019-07-10 21:31:24.599919,287.96999999999997
2019-07-10 21:32:28.621676,288.12
2019-07-10 21:33:32.659390,288.12
2019-07-10 21:34:36.679152,288.12
2019-07-10 21:35:40.686967,288.12
2019-07-10 21:36:44.672799,288.27
2019-07-10 21:37:48.673612,288.12
2019-07-10 21:38:52.690381,288.12
2019-07-10 21:39:56.696180,288.12
2019-07-10 21:41:00.671084,288.12
2019-07-10 21:42:04.673870,288.27
2019-07-10 21:43:08.693632,288.12
2019-07-10 21:44:12.685491,288.12
2019-07-10 21:45:16.677306,288.27
2019-07-10 21:46:20.668145,288.27
2019-07-10 21:47:24.692546,288.27
2019-07-10 21:48:28.827999,288.27
2019-07-10 21:49:32.888672,288.12
2019-07-10 21:50:36.977230,288.27
2019-07-10 21:51:41.058846,288.27
2019-07-10 21:52:45.170342,288.27
2019-07-10 21:53:49.269891,288.27
2019-07-10 21:54:53.410330,288.27
2019-07-10 21:55:57.335367,288.42
2019-07-10 21:57:01.242409,288.27
2019-07-10 21:58:05.150470,288.42
2019-07-10 21:59:09.071496,288.27
2019-07-10 22:00:12.987536,288.27
2019-07-10 22:01:16.898621,288.12
2019-07-10 22:02:20.775732,288.27
2019-07-10 22:03:24.656887,288.27
2019-07-10 22:04:28.523038,288.27
2019-07-10 22:05:32.398187,288.27
2019-07-10 22:06:36.306249,288.42
2019-07-10 22:07:40.187380,288.42
2019-07-10 22:08:44.077489,288.42
2019-07-10 22:09:47.938697,288.27
2019-07-10 22:10:51.823798,288.42
2019-07-10 22:11:55.751806,288.42
2019-07-10 22:12:59.666869,288.42
2019-07-10 22:14:03.550994,288.42
2019-07-10 22:15:07.467013,288.42
2019-07-10 22:16:11.327201,288.42
2019-07-10 22:17:15.190383,288.42
2019-07-10 22:18:19.085498,288.42
2019-07-10 22:19:22.965613,288.42
2019-07-10 22:20:26.839867,288.42
2019-07-10 22:21:30.657171,288.42
2019-07-10 22:22:34.462507,288.42
2019-07-10 22:23:38.302712,288.42
2019-07-10 22:24:42.133978,288.42
2019-07-10 22:25:45.988184,288.42
2019-07-10 22:26:49.838400,288.42
2019-07-10 22:27:53.674674,288.42
2019-07-10 22:28:57.469018,288.42
2019-07-10 22:30:01.268382,288.42
2019-07-10 22:31:05.061736,288.42
2019-07-10 22:32:08.895995,288.57
2019-07-10 22:33:12.722308,288.57
2019-07-10 22:34:16.546581,288.42
2019-07-10 22:35:20.355885,288.57
2019-07-10 22:36:24.192137,288.42
2019-07-10 22:37:27.998491,288.42
2019-07-10 22:38:31.806818,288.57
2019-07-10 22:39:35.658010,288.57
2019-07-10 22:40:39.473321,288.42
2019-07-10 22:41:43.244746,288.57
2019-07-10 22:42:47.044118,288.57
2019-07-10 22:43:50.844446,288.57
2019-07-10 22:44:54.661772,288.57
2019-07-10 22:45:58.461103,288.57
2019-07-10 22:47:02.283392,288.57
2019-07-10 22:48:06.120664,288.42
2019-07-10 22:49:09.936978,288.57
2019-07-10 22:50:13.746275,288.57
2019-07-10 22:51:17.555600,288.57
2019-07-10 22:52:21.344978,288.57
2019-07-10 22:53:25.168264,288.57
2019-07-10 22:54:28.991574,288.57
2019-07-10 22:55:32.769960,288.57
2019-07-10 22:56:36.627157,288.57
2019-07-10 22:57:40.446456,288.57
2019-07-10 22:58:44.258794,288.705
2019-07-10 22:59:48.052141,288.705
2019-07-10 23:00:51.860489,288.57
2019-07-10 23:01:55.665803,288.57
2019-07-10 23:02:59.460169,288.705
2019-07-10 23:04:03.253537,288.705
2019-07-10 23:05:07.047928,288.705
2019-07-10 23:06:10.847252,288.705
2019-07-10 23:07:14.656578,288.57
2019-07-10 23:08:18.451939,288.705
2019-07-10 23:09:22.267249,288.57
2019-07-10 23:10:25.970888,288.705
2019-07-10 23:11:29.653521,288.705
2019-07-10 23:12:33.378081,288.57
2019-07-10 23:13:37.078709,288.705
2019-07-10 23:14:40.772322,288.705
2019-07-10 23:15:44.472938,288.705
2019-07-10 23:16:48.163613,288.57
2019-07-10 23:17:51.901118,288.705
2019-07-10 23:18:55.710457,288.705
2019-07-10 23:19:59.554655,288.705
2019-07-10 23:21:03.369964,288.705
2019-07-10 23:22:07.198238,288.705
2019-07-10 23:23:11.035508,288.705
2019-07-10 23:24:14.898669,288.705
2019-07-10 23:25:18.668100,288.705
2019-07-10 23:26:22.490391,288.705
2019-07-10 23:27:26.303705,288.705
2019-07-10 23:28:30.079121,288.705
2019-07-10 23:29:33.916391,288.705
2019-07-10 23:30:37.700763,288.705
2019-07-10 23:31:41.504103,288.705
2019-07-10 23:32:45.283530,288.855
2019-07-10 23:33:49.086850,288.705
2019-07-10 23:34:52.891209,288.705
2019-07-10 23:35:56.677596,288.705
2019-07-10 23:37:00.466952,288.855
2019-07-10 23:38:04.296223,288.705
2019-07-10 23:39:08.105570,288.855
2019-07-10 23:40:11.931829,288.855
2019-07-10 23:41:15.753121,288.855
2019-07-10 23:42:19.567456,288.855
2019-07-10 23:43:23.397701,288.855
2019-07-10 23:44:27.181118,288.855
2019-07-10 23:45:30.980469,288.855
2019-07-10 23:46:34.760851,288.855
2019-07-10 23:47:38.579151,288.855
2019-07-10 23:48:42.398449,288.855
2019-07-10 23:49:46.177854,288.855
2019-07-10 23:50:49.980199,288.705
2019-07-10 23:51:53.793513,288.855
2019-07-10 23:52:57.583888,288.855
2019-07-10 23:54:01.374286,288.855
2019-07-10 23:55:05.169633,288.855
2019-07-10 23:56:09.012883,288.855
2019-07-10 23:57:12.836157,288.855
2019-07-10 23:58:16.713298,288.855
2019-07-10 23:59:20.499679,288.855
2019-07-11 00:00:24.354901,288.855
2019-07-11 00:01:28.167198,288.855
2019-07-11 00:02:31.973551,288.855
2019-07-11 00:03:35.806811,288.855
2019-07-11 00:04:39.629103,289.005
2019-07-11 00:05:43.430428,289.005
2019-07-11 00:06:47.227785,288.855
2019-07-11 00:07:51.038133,288.855
2019-07-11 00:08:54.861432,288.855
2019-07-11 00:09:58.669740,288.855
2019-07-11 00:11:02.371353,289.005
2019-07-11 00:12:06.038079,289.005
2019-07-11 00:13:09.757624,288.855
2019-07-11 00:14:13.440310,289.005
2019-07-11 00:15:17.182791,289.005
2019-07-11 00:16:20.871439,289.005
2019-07-11 00:17:24.552129,288.855
2019-07-11 00:18:28.241770,289.005
2019-07-11 00:19:31.967340,289.155
2019-07-11 00:20:35.654991,289.005
2019-07-11 00:21:39.477259,289.005
2019-07-11 00:22:43.295584,289.005
2019-07-11 00:23:47.089926,289.005
2019-07-11 00:24:50.896280,289.005
2019-07-11 00:25:54.704607,289.005
2019-07-11 00:26:58.506931,289.005
2019-07-11 00:28:02.323236,289.005
2019-07-11 00:29:06.141539,289.005
2019-07-11 00:30:09.952857,289.005
2019-07-11 00:31:13.747222,289.005
2019-07-11 00:32:17.546595,289.005
2019-07-11 00:33:21.362880,289.005
2019-07-11 00:34:25.158243,289.005
2019-07-11 00:35:28.936671,289.005
2019-07-11 00:36:32.747970,289.005
2019-07-11 00:37:36.593220,289.005
2019-07-11 00:38:40.389558,289.005
2019-07-11 00:39:44.179933,289.005
2019-07-11 00:40:47.978287,289.155
2019-07-11 00:41:51.758691,289.005
2019-07-11 00:42:55.592970,289.155
2019-07-11 00:43:59.463112,289.155
2019-07-11 00:45:03.292383,289.155
2019-07-11 00:46:07.144601,289.005
2019-07-11 00:47:10.985832,289.155
2019-07-11 00:48:14.830065,289.155
2019-07-11 00:49:18.655346,289.005
2019-07-11 00:50:22.447717,289.155
2019-07-11 00:51:26.230113,289.155
2019-07-11 00:52:30.031459,289.155
2019-07-11 00:53:33.848764,289.155
2019-07-11 00:54:37.724909,289.29
2019-07-11 00:55:41.568166,289.005
2019-07-11 00:56:45.407389,289.155
2019-07-11 00:57:49.232672,289.155
2019-07-11 00:58:53.020076,289.155
2019-07-11 00:59:56.852352,289.155
2019-07-11 01:01:00.670620,289.155
2019-07-11 01:02:04.470006,289.155
2019-07-11 01:03:08.296284,289.155
2019-07-11 01:04:12.115604,289.155
2019-07-11 01:05:15.910956,289.155
2019-07-11 01:06:19.739219,289.155
2019-07-11 01:07:23.560554,289.155
2019-07-11 01:08:27.392797,289.155
2019-07-11 01:09:31.206115,289.155
2019-07-11 01:10:35.049344,289.155
2019-07-11 01:11:38.856675,289.155
2019-07-11 01:12:42.561280,289.29
2019-07-11 01:13:46.271878,289.155
2019-07-11 01:14:49.983456,289.155
2019-07-11 01:15:53.723966,289.155
2019-07-11 01:16:57.413611,289.155
2019-07-11 01:18:01.127212,289.29
2019-07-11 01:19:04.844761,289.155
2019-07-11 01:20:08.543383,289.155
2019-07-11 01:21:12.266938,289.155
2019-07-11 01:22:15.971563,289.155
2019-07-11 01:23:19.807796,289.155
2019-07-11 01:24:23.586208,289.29
2019-07-11 01:25:27.403507,289.29
2019-07-11 01:26:31.241776,289.29
2019-07-11 01:27:35.114929,289.29
2019-07-11 01:28:38.935203,289.29
2019-07-11 01:29:42.743532,289.155
2019-07-11 01:30:46.566820,289.29
2019-07-11 01:31:50.403072,289.29
2019-07-11 01:32:54.227379,289.155
2019-07-11 01:33:58.010772,289.29
2019-07-11 01:35:01.850024,289.29
2019-07-11 01:36:05.655333,289.29
2019-07-11 01:37:09.426779,289.29
2019-07-11 01:38:13.260019,289.29
2019-07-11 01:39:17.050394,289.29
2019-07-11 01:40:20.846755,289.29
2019-07-11 01:41:24.667072,289.29
2019-07-11 01:42:28.479367,289.29
2019-07-11 01:43:32.344543,289.29
2019-07-11 01:44:36.208743,289.29
2019-07-11 01:45:40.041983,289.29
2019-07-11 01:46:43.865270,289.44
2019-07-11 01:47:47.691548,289.29
2019-07-11 01:48:51.501871,289.29
2019-07-11 01:49:55.310221,289.29
2019-07-11 01:50:59.095588,289.29
2019-07-11 01:52:02.936828,289.29
2019-07-11 01:53:06.748147,289.29
2019-07-11 01:54:10.572433,289.29
2019-07-11 01:55:14.371808,289.29
2019-07-11 01:56:18.186095,289.29
2019-07-11 01:57:22.020354,289.29
2019-07-11 01:58:25.845636,289.29
2019-07-11 01:59:29.653963,289.44
2019-07-11 02:00:33.533103,289.29
2019-07-11 02:01:37.358384,289.29
2019-07-11 02:02:41.136793,289.29
2019-07-11 02:03:44.945120,289.29
2019-07-11 02:04:48.755443,289.44
2019-07-11 02:05:52.580725,289.29
2019-07-11 02:06:56.450260,289.29
2019-07-11 02:08:00.319414,289.44
2019-07-11 02:09:04.201565,289.44
2019-07-11 02:10:08.137528,289.44
2019-07-11 02:11:12.042594,289.44
2019-07-11 02:12:15.923727,289.29
2019-07-11 02:13:19.737064,289.29
2019-07-11 02:14:23.543396,289.44
2019-07-11 02:15:27.305827,289.44
2019-07-11 02:16:31.087257,289.44
2019-07-11 02:17:34.904550,289.29
2019-07-11 02:18:38.699891,289.44
2019-07-11 02:19:42.497752,289.44
2019-07-11 02:20:46.267185,289.44
2019-07-11 02:21:49.964809,289.44
2019-07-11 02:22:53.717286,289.44
2019-07-11 02:23:57.414908,289.44
2019-07-11 02:25:01.126174,289.59
2019-07-11 02:26:04.967434,289.44
2019-07-11 02:27:08.785714,289.44
2019-07-11 02:28:12.629968,289.44
2019-07-11 02:29:16.468193,289.44
2019-07-11 02:30:20.271535,289.44
2019-07-11 02:31:24.100806,289.44
2019-07-11 02:32:27.894174,289.44
2019-07-11 02:33:31.720454,289.29
2019-07-11 02:34:35.524791,289.44
2019-07-11 02:35:39.345086,289.44
2019-07-11 02:36:43.161393,289.29
2019-07-11 02:37:46.965732,289.44
2019-07-11 02:38:50.788022,289.44
2019-07-11 02:39:54.571437,289.44
2019-07-11 02:40:58.383734,289.44
2019-07-11 02:42:02.186077,289.59
2019-07-11 02:43:06.039305,289.44
2019-07-11 02:44:09.862572,289.44
2019-07-11 02:45:13.671896,289.44
2019-07-11 02:46:17.503185,289.44
2019-07-11 02:47:21.280574,289.59
2019-07-11 02:48:25.086907,289.44
2019-07-11 02:49:28.882268,289.44
2019-07-11 02:50:32.714532,289.44
2019-07-11 02:51:36.579708,289.59
2019-07-11 02:52:40.388057,289.59
2019-07-11 02:53:44.195367,289.44
2019-07-11 02:54:47.992755,289.59
2019-07-11 02:55:51.799056,289.44
2019-07-11 02:56:55.593422,289.59
2019-07-11 02:57:59.436655,289.44
2019-07-11 02:59:03.260962,289.59
2019-07-11 03:00:07.100206,289.44
2019-07-11 03:01:10.919484,289.44
2019-07-11 03:02:14.735790,289.44
2019-07-11 03:03:18.566059,289.59
2019-07-11 03:04:22.396327,289.44
2019-07-11 03:05:26.247540,289.44
2019-07-11 03:06:30.085810,289.59
2019-07-11 03:07:33.906083,289.59
2019-07-11 03:08:37.733361,289.59
2019-07-11 03:09:41.566622,289.59
2019-07-11 03:10:45.428805,289.44
2019-07-11 03:11:49.242120,289.59
2019-07-11 03:12:53.142224,289.59
2019-07-11 03:13:56.990444,289.59
2019-07-11 03:15:00.700040,289.59
2019-07-11 03:16:04.539280,289.59
2019-07-11 03:17:08.475267,289.59
2019-07-11 03:18:12.204785,289.59
2019-07-11 03:19:15.939310,289.59
2019-07-11 03:20:19.683807,289.74
2019-07-11 03:21:23.375448,289.59
2019-07-11 03:22:27.087054,289.59
2019-07-11 03:23:30.839511,289.59
2019-07-11 03:24:34.538132,289.59
2019-07-11 03:25:38.225783,289.59
2019-07-11 03:26:41.928414,289.59
2019-07-11 03:27:45.808761,289.59
2019-07-11 03:28:49.632049,289.59
2019-07-11 03:29:53.507220,289.59
2019-07-11 03:30:57.352427,289.59
2019-07-11 03:32:01.197656,289.59
2019-07-11 03:33:05.077791,289.59
2019-07-11 03:34:08.920049,289.59
2019-07-11 03:35:12.764260,289.59
2019-07-11 03:36:16.600513,289.59
2019-07-11 03:37:20.447736,289.74
2019-07-11 03:38:24.332860,289.59
2019-07-11 03:39:28.161133,289.59
2019-07-11 03:40:32.014368,289.74
2019-07-11 03:41:35.886525,289.59
2019-07-11 03:42:39.747690,289.74
2019-07-11 03:43:43.629821,289.59
2019-07-11 03:44:47.480037,289.74
2019-07-11 03:45:51.330252,289.74
2019-07-11 03:46:55.187449,289.74
2019-07-11 03:47:59.019733,289.74
2019-07-11 03:49:02.867934,289.74
2019-07-11 03:50:06.687232,289.74
2019-07-11 03:51:10.530466,289.74
2019-07-11 03:52:14.378687,289.59
2019-07-11 03:53:18.237879,289.74
2019-07-11 03:54:22.100071,289.74
2019-07-11 03:55:25.918363,289.74
2019-07-11 03:56:29.739656,289.74
2019-07-11 03:57:33.571920,289.59
2019-07-11 03:58:37.376257,289.74
2019-07-11 03:59:41.201540,289.74
2019-07-11 04:00:45.074716,289.74
2019-07-11 04:01:48.939870,289.74
2019-07-11 04:02:52.778140,289.74
2019-07-11 04:03:56.624379,289.74
2019-07-11 04:05:00.432672,289.74
2019-07-11 04:06:04.293857,289.74
2019-07-11 04:07:08.116148,289.74
2019-07-11 04:08:11.956389,289.59
2019-07-11 04:09:15.800622,289.74
2019-07-11 04:10:19.813403,289.74
2019-07-11 04:11:23.808232,289.74
2019-07-11 04:12:27.835972,289.74
2019-07-11 04:13:31.834791,289.74
2019-07-11 04:14:35.883516,289.74
2019-07-11 04:15:39.715759,289.74
2019-07-11 04:16:43.536055,289.74
2019-07-11 04:17:47.378291,289.59
2019-07-11 04:18:51.218533,289.89
2019-07-11 04:19:55.010903,289.74
2019-07-11 04:20:58.803296,289.74
2019-07-11 04:22:02.598636,289.74
2019-07-11 04:23:06.453839,289.74
2019-07-11 04:24:10.282112,289.74
2019-07-11 04:25:14.107428,289.74
2019-07-11 04:26:17.921729,289.89
2019-07-11 04:27:21.733027,289.89
2019-07-11 04:28:25.539359,289.74
2019-07-11 04:29:29.342701,289.74
2019-07-11 04:30:33.270708,289.74
2019-07-11 04:31:37.173782,289.89
2019-07-11 04:32:41.094829,289.74
2019-07-11 04:33:45.032811,289.74
2019-07-11 04:34:48.936882,289.59
2019-07-11 04:35:52.886809,289.74
2019-07-11 04:36:56.789884,289.74
2019-07-11 04:38:00.701935,289.74
2019-07-11 04:39:04.625953,289.89
2019-07-11 04:40:08.539000,289.74
2019-07-11 04:41:12.468027,289.74
2019-07-11 04:42:16.341158,289.74
2019-07-11 04:43:20.278142,289.74
2019-07-11 04:44:24.196177,289.74
2019-07-11 04:45:28.122212,289.74
2019-07-11 04:46:32.066176,289.74
2019-07-11 04:47:36.012135,289.89
2019-07-11 04:48:39.938148,289.74
2019-07-11 04:49:43.872119,289.74
2019-07-11 04:50:47.793144,289.74
2019-07-11 04:51:51.739111,289.74
2019-07-11 04:52:55.663123,289.74
2019-07-11 04:53:59.566197,289.74
2019-07-11 04:55:03.474258,289.74
2019-07-11 04:56:07.397279,289.74
2019-07-11 04:57:11.389115,289.74
2019-07-11 04:58:15.303180,289.89
2019-07-11 04:59:19.273077,289.89
2019-07-11 05:00:23.242951,289.89
2019-07-11 05:01:27.165951,289.74
2019-07-11 05:02:31.108918,289.89
2019-07-11 05:03:35.067843,289.89
2019-07-11 05:04:38.996848,289.89
2019-07-11 05:05:42.972748,289.89
2019-07-11 05:06:46.882803,289.89
2019-07-11 05:07:50.817772,289.89
2019-07-11 05:08:54.737801,289.89
2019-07-11 05:09:58.725648,289.74
2019-07-11 05:11:02.608776,289.89
2019-07-11 05:12:06.575679,289.89
2019-07-11 05:13:10.525627,289.89
2019-07-11 05:14:14.410749,289.89
2019-07-11 05:15:18.331775,289.89
2019-07-11 05:16:22.238840,289.89
2019-07-11 05:17:26.092047,289.74
2019-07-11 05:18:29.941287,289.89
2019-07-11 05:19:33.811449,289.89
2019-07-11 05:20:37.619777,289.89
2019-07-11 05:21:41.441049,289.89
2019-07-11 05:22:45.279296,289.89
2019-07-11 05:23:49.143511,289.74
2019-07-11 05:24:52.965786,289.89
2019-07-11 05:25:56.771100,289.89
2019-07-11 05:27:00.593391,289.89
2019-07-11 05:28:04.420668,289.89
2019-07-11 05:29:08.260910,289.89
2019-07-11 05:30:12.093173,290.025
2019-07-11 05:31:15.928429,289.89
2019-07-11 05:32:19.807589,289.89
2019-07-11 05:33:23.791425,289.89
2019-07-11 05:34:27.724419,289.89
2019-07-11 05:35:31.664395,289.89
2019-07-11 05:36:35.631299,290.025
2019-07-11 05:37:39.543370,289.89
2019-07-11 05:38:43.478359,289.89
2019-07-11 05:39:47.397369,289.89
2019-07-11 05:40:51.328369,289.89
2019-07-11 05:41:55.257373,289.89
2019-07-11 05:42:59.191364,289.89
2019-07-11 05:44:03.098429,290.025
2019-07-11 05:45:06.995518,289.89
2019-07-11 05:46:10.912556,289.89
2019-07-11 05:47:14.816627,289.89
2019-07-11 05:48:18.744634,289.89
2019-07-11 05:49:22.685608,290.025
2019-07-11 05:50:26.675450,289.89
2019-07-11 05:51:30.618417,289.89
2019-07-11 05:52:34.589310,289.89
2019-07-11 05:53:38.512352,289.89
2019-07-11 05:54:42.432360,290.025
2019-07-11 05:55:46.394277,290.025
2019-07-11 05:56:50.363175,290.025
2019-07-11 05:57:54.331075,289.89
2019-07-11 05:58:58.250107,289.89
2019-07-11 06:00:02.155175,290.025
2019-07-11 06:01:06.076223,290.025
2019-07-11 06:02:10.000241,290.025
2019-07-11 06:03:13.926254,289.89
2019-07-11 06:04:17.842273,289.89
2019-07-11 06:05:21.797208,289.89
2019-07-11 06:06:25.730203,289.89
2019-07-11 06:07:29.647239,289.89
2019-07-11 06:08:33.578238,289.89
2019-07-11 06:09:37.509238,289.89
2019-07-11 06:10:41.427273,289.89
2019-07-11 06:11:45.345307,289.89
2019-07-11 06:12:49.285282,290.025
2019-07-11 06:13:53.186362,290.025
2019-07-11 06:14:57.107388,290.025
2019-07-11 06:16:01.025422,290.025
2019-07-11 06:17:04.992326,290.025
2019-07-11 06:18:08.828587,289.89
2019-07-11 06:19:12.648885,289.89
2019-07-11 06:20:16.513061,290.025
2019-07-11 06:21:20.328371,290.025
2019-07-11 06:22:24.144677,289.89
2019-07-11 06:23:27.983922,290.025
2019-07-11 06:24:31.782298,289.89
2019-07-11 06:25:35.569661,290.025
2019-07-11 06:26:39.380992,290.025
2019-07-11 06:27:43.224213,290.025
2019-07-11 06:28:47.067475,290.025
2019-07-11 06:29:50.869792,290.025
2019-07-11 06:30:54.675148,290.025
2019-07-11 06:31:58.510416,290.025
2019-07-11 06:33:02.363613,290.025
2019-07-11 06:34:06.223781,289.89
2019-07-11 06:35:10.186695,290.025
2019-07-11 06:36:14.129682,290.025
2019-07-11 06:37:18.019794,290.025
2019-07-11 06:38:21.961741,290.025
2019-07-11 06:39:25.919689,290.025
2019-07-11 06:40:29.873606,290.025
2019-07-11 06:41:33.871427,290.025
2019-07-11 06:42:37.879221,290.175
2019-07-11 06:43:41.816205,290.025
2019-07-11 06:44:45.747205,290.025
2019-07-11 06:45:49.682193,290.025
2019-07-11 06:46:53.593246,290.025
2019-07-11 06:47:57.506294,290.025
2019-07-11 06:49:01.458237,290.025
2019-07-11 06:50:05.352336,290.025
2019-07-11 06:51:09.256406,290.025
2019-07-11 06:52:13.143526,290.025
2019-07-11 06:53:17.069558,290.025
2019-07-11 06:54:20.995549,290.025
2019-07-11 06:55:24.900650,290.175
2019-07-11 06:56:28.861537,290.025
2019-07-11 06:57:32.807497,290.025
2019-07-11 06:58:36.732512,290.025
2019-07-11 06:59:40.633614,290.025
2019-07-11 07:00:44.670310,290.175
2019-07-11 07:01:48.638211,290.175
2019-07-11 07:02:52.617082,290.025
2019-07-11 07:03:56.558055,290.175
2019-07-11 07:05:00.476089,290.025
2019-07-11 07:06:04.405093,290.025
2019-07-11 07:07:08.339106,290.025
2019-07-11 07:08:12.269558,290.025
2019-07-11 07:09:16.159666,290.025
2019-07-11 07:10:20.089670,290.175
2019-07-11 07:11:24.043586,290.025
2019-07-11 07:12:27.942671,290.025
2019-07-11 07:13:31.850731,290.025
2019-07-11 07:14:35.775748,290.025
2019-07-11 07:15:39.689792,290.025
2019-07-11 07:16:43.614807,290.025
2019-07-11 07:17:47.569744,290.025
2019-07-11 07:18:51.404999,290.175
2019-07-11 07:19:55.246263,290.025
2019-07-11 07:20:59.070544,290.025
2019-07-11 07:22:02.906776,290.025
2019-07-11 07:23:06.760981,290.025
2019-07-11 07:24:10.612216,290.175
2019-07-11 07:25:14.461433,290.025
2019-07-11 07:26:18.324594,290.025
2019-07-11 07:27:22.160847,290.025
2019-07-11 07:28:26.000092,290.175
2019-07-11 07:29:29.867283,290.175
2019-07-11 07:30:33.731461,290.025
2019-07-11 07:31:37.562707,290.025
2019-07-11 07:32:41.422894,290.175
2019-07-11 07:33:45.296050,290.025
2019-07-11 07:34:49.121331,290.325
2019-07-11 07:35:52.956588,290.025
2019-07-11 07:36:56.885591,290.175
2019-07-11 07:38:00.810608,290.175
2019-07-11 07:39:04.728641,290.175
2019-07-11 07:40:08.672607,290.175
2019-07-11 07:41:12.592636,290.175
2019-07-11 07:42:16.518648,290.025
2019-07-11 07:43:20.466624,290.025
2019-07-11 07:44:24.428519,290.175
2019-07-11 07:45:28.336581,290.175
2019-07-11 07:46:32.269575,290.025
2019-07-11 07:47:36.198579,290.175
2019-07-11 07:48:40.113621,290.175
2019-07-11 07:49:44.057611,290.175
2019-07-11 07:50:47.975621,290.025
2019-07-11 07:51:51.879693,290.175
2019-07-11 07:52:55.815678,290.175
2019-07-11 07:53:59.739696,290.175
2019-07-11 07:55:03.672690,290.175
2019-07-11 07:56:07.596709,290.175
2019-07-11 07:57:11.524716,290.025
2019-07-11 07:58:15.451726,290.175
2019-07-11 07:59:19.371756,290.175
2019-07-11 08:00:23.282809,290.175
2019-07-11 08:01:27.247718,290.025
2019-07-11 08:02:31.162760,290.175
2019-07-11 08:03:35.105747,290.175
2019-07-11 08:04:39.008800,290.175
2019-07-11 08:05:42.972733,290.175
2019-07-11 08:06:46.861823,290.175
2019-07-11 08:07:50.805767,290.175
2019-07-11 08:08:54.784639,290.175
2019-07-11 08:09:58.686716,290.175
2019-07-11 08:11:02.616717,290.175
2019-07-11 08:12:06.568660,290.175
2019-07-11 08:13:10.537559,290.025
2019-07-11 08:14:14.528398,290.175
2019-07-11 08:15:18.488343,290.175
2019-07-11 08:16:22.414333,290.175
2019-07-11 08:17:26.250586,290.175
2019-07-11 08:18:30.075869,290.175
2019-07-11 08:19:33.839317,290.175
2019-07-11 08:20:37.576834,290.175
2019-07-11 08:21:41.322330,290.175
2019-07-11 08:22:45.111713,290.175
2019-07-11 08:23:48.913061,290.175
2019-07-11 08:24:52.660573,290.175
2019-07-11 08:25:56.440952,290.175
2019-07-11 08:27:00.198416,290.325
2019-07-11 08:28:03.967848,290.175
2019-07-11 08:29:07.739297,290.325
2019-07-11 08:30:11.486766,290.175
2019-07-11 08:31:15.280132,290.175
2019-07-11 08:32:19.027622,290.175
2019-07-11 08:33:22.781098,290.175
2019-07-11 08:34:26.562519,290.325
2019-07-11 08:35:30.343897,290.175
2019-07-11 08:36:34.108341,290.175
2019-07-11 08:37:38.010440,290.175
2019-07-11 08:38:41.934436,290.175
2019-07-11 08:39:45.797640,290.175
2019-07-11 08:40:49.675759,290.175
2019-07-11 08:41:53.564903,290.325
2019-07-11 08:42:57.512824,290.175
2019-07-11 08:44:01.380991,290.175
2019-07-11 08:45:05.224226,290.325
2019-07-11 08:46:09.133284,290.175
2019-07-11 08:47:13.002449,290.175
2019-07-11 08:48:16.882584,290.175
2019-07-11 08:49:20.797627,290.325
2019-07-11 08:50:24.665794,290.175
2019-07-11 08:51:28.588815,290.175
2019-07-11 08:52:32.466957,290.175
2019-07-11 08:53:36.340110,290.175
2019-07-11 08:54:40.201296,290.175
2019-07-11 08:55:44.060489,290.325
2019-07-11 08:56:47.984527,290.325
